address,lat,lng
福井県大野市陽明町3-401,35.992618,136.498575
福井県大野市下山63-2-24,35.922103,136.645006
福井県大野市桜塚町1008,35.971407,136.500879
福井県勝山市沢町2-7-27,36.064187,136.501974
福井県大野市要町3-9,35.989362,136.490129
福井県勝山市元町2-2-3,36.055694,136.502868
福井県大野市朝日35-3-5,35.902813,136.658125
福井県勝山市野向町横倉56-35,36.123225,136.508178
福井県大野市蕨生137-21-1,35.972704,136.551213
福井県大飯郡おおい町本郷144-18,35.482781,135.623281
福井県大野市美里町616,35.983409,136.503478
福井県勝山市元町1-2-3,36.060978,136.4996
福井県敦賀市木崎23-6-3,35.645336,136.046805
福井県勝山市村岡町浄土寺38-12,36.073434,136.514095
福井県小浜市小浜広峰1-1,35.494887,135.742293
福井県勝山市旭町1-3-17,36.055007,136.509965
福井県大野市元町9-22,35.985238,136.49021
福井県小浜市小浜日吉57-2,35.495196,135.738853
福井県小浜市加斗29-1-1,35.482217,135.669522
福井県小浜市大手町9-2,35.496516,135.744418
福井県大野市陽明町1-1109,35.989335,136.494795
福井県大野市鍬掛17-17-1,35.974007,136.478422
福井県越前市不老町16-15,35.907048,136.243733
福井県敦賀市野神43-3,35.640276,136.049858
福井県小浜市小浜酒井1-23,35.494948,135.744264
福井県小浜市駅前町2-8 おおきどビル1F,35.492613,135.744553
福井県越前市押田1-4-11,35.907434,136.186349
福井県小浜市駅前町4-45,35.492949,135.743196
福井県敦賀市金ケ崎町4-1 赤レンガ倉庫,35.662005,136.074677
福井県小浜市小浜酒井1-83,35.494498,135.744159
福井県大飯郡おおい町本郷154-1-8,35.483136,135.617412
福井県大飯郡おおい町本郷137-7-1,35.480011,135.617747
福井県小浜市小浜香取3,35.491058,135.733787
福井県勝山市村岡町栃神谷11-6-1,36.092262,136.533101
福井県勝山市長山町2-7-20,36.070072,136.504924
福井県敦賀市元比田堂の上10-16,-,-
福井県大野市元町5-18,35.98545,136.489143
福井県福井市高木中央1丁目205,36.092852,136.232026
福井県勝山市本町2-6-3,36.059164,136.498239
福井県大飯郡高浜町宮崎86-48-1,35.487128,135.544747
福井県敦賀市白銀町11-5,35.648208,136.071672
福井県敦賀市呉竹町2-5-25-1,35.646246,136.056486
福井県勝山市村岡町浄土寺30-11,36.074474,136.514588
福井県敦賀市木崎13-28,35.640349,136.047726
福井県小浜市府中8-23,35.494991,135.756856
福井県小浜市駅前町7-16,35.492596,135.745991
福井県越前市粟田部町中央2-908,35.917934,136.244193
福井県敦賀市沓見137-8-16,35.643976,136.029283
福井県大飯郡高浜町宮崎第77号1番地8 若狭高浜駅内,35.486411,135.547623
福井県福井市日之出1-17-22,36.062495,136.225266
福井県福井市大町16字古川210-1,36.034266,136.216946
福井県小浜市府中15-13,35.493189,135.757892
福井県小浜市小浜白鬚37 D-1ビル4F,-,-
福井県敦賀市本町1-8-12,35.6522,136.073641
福井県大野市明倫町5-17,35.981833,136.488464
福井県勝山市元町1丁目14-21,36.058337,136.502217
福井県小浜市駅前町26-16-16 クロスポイント3Mビル2F,-,-
福井県福井市加茂河原4-1-14,36.05867,136.194516
福井県敦賀市野神43-17-4,35.639333,136.050026
福井県大飯郡高浜町事代6-1-1,35.494916,135.55199
福井県越前市上太田町2-9-15-1 カワイビル1F,-,-
福井県福井市城東1-15-18 第二イーストホーポ1F,36.060563,136.23434
福井県福井市上野本町3-2101,36.111684,136.242857
福井県越前市大屋48-7-3,35.895012,136.190925
福井県越前市桂町8-15,35.906581,136.164322
福井県福井市花堂東2-508,36.040298,136.221117
福井県福井市照手1-8-18,36.06664,136.212019
福井県大野市陽明町2丁目209,35.9907,136.497398
福井県福井市高木中央1-304,36.092137,136.2326
福井県あわら市温泉3丁目608,36.224576,136.192196
福井県福井市花堂南1-5-25,36.03364,136.212625
福井県越前市吾妻町1-45,35.901201,136.170711
福井県越前市矢船町17-8,35.886177,136.175553
福井県越前市国府1-11-5,35.905375,136.165907
福井県福井市飯塚29-101,36.061869,136.183882
福井県大野市弥生町7-4 サミットビル1F,-,-
福井県大野市有明町7-18,35.981438,136.499263
福井県福井市成和1丁目909,36.057737,136.24225
福井県勝山市滝波町5-314,36.074669,136.496511
福井県敦賀市木崎13-7-1,35.639391,136.047519
福井県大野市高砂町17-2 待合室ビル2F,-,-
福井県福井市田原2-20-12,36.073224,136.212805
福井県越前市北府3丁目3-27,35.910083,136.165072
福井県福井市西開発2-408,36.078559,136.235369
福井県坂井市丸岡町熊堂3-7-1-16 福井県産業情報センター2F,36.109946,136.273294
福井県大野市日吉町18-12,35.98309,136.495321
福井県福井市照手4-10-16,36.065583,136.205559
福井県福井市文京2-9-1,36.078127,136.219589
福井県福井市灯明寺3-201,36.096016,136.220358
福井県福井市学園3丁目6-1 福井工業大学2号館B1,36.068982,136.195913
福井県福井市舟橋新1-1321-1,36.099886,136.211804
福井県小浜市駅前町1-15,35.492193,135.744797
福井県福井市福1-2915 小林ビル1F,36.049424,136.187099
福井県福井市田原2-24-17,36.073185,136.215326
福井県三方郡美浜町日向67-1-95,35.611451,135.894593
福井県敦賀市木崎28-7-1,35.643686,136.046226
福井県小浜市小浜酒井110-1,35.493823,135.743433
福井県あわら市二面41-13-1,36.224845,136.195909
福井県敦賀市本町1丁目5-8 シルクライトコート4H,-,-
福井県坂井市春江町江留上昭和4-4,36.123033,136.224114
福井県丹生郡越前町茂原9-23-2,35.909006,135.997121
福井県大野市明倫町9-10,35.982234,136.490255
福井県福井市菅谷2-10-22,36.072333,136.192443
福井県勝山市本町2-11-12,36.059164,136.498239
福井県鯖江市横江町2-2-305,35.940927,136.191096
福井県福井市丸山町1-413,36.072938,136.243008
福井県福井市四ツ井2-8-1 福井県立病院2F,36.068954,136.238274
福井県坂井市三国町楽円53-1-2,36.20289,136.161267
福井県大野市篠座町7-2,35.972906,136.48938
福井県越前市千福町382,35.885722,136.156881
福井県坂井市三国町北本町4-5-31,36.213664,136.14912
福井県福井市大瀬町24-8-3,36.068014,136.18477
福井県福井市西谷3丁目1302番地,36.039526,136.197753
福井県福井市渕4丁目2005,36.047244,136.180405
福井県福井市文京2-5-49,36.07642,136.21611
福井県坂井市春江町江留中38-5,36.137905,136.220148
福井県敦賀市木崎51-24-1,35.645334,136.037605
福井県福井市花堂南2丁目12-1,36.035156,136.209891
福井県越前市岡本町15-2-4,35.901133,136.146573
福井県勝山市本町1-5-27,-,-
福井県大飯郡高浜町西三松2-1,35.496644,135.513502
福井県勝山市本町4-2-36,-,-
福井県勝山市沢町2丁目7-27,36.065299,136.503052
福井県福井市花堂南2-16-1 ショッピングシティベル1F,36.033392,136.212143
福井県坂井市三国町三国東5丁目1-36,36.209867,136.159741
福井県福井市門前2-1213,36.048398,136.193865
福井県あわら市春宮1-2-33,36.216869,136.232047
福井県鯖江市大野町29-21,35.973154,136.233787
福井県福井市照手1-4-4,36.065307,136.210875
福井県敦賀市中央町1-5-5,35.643846,136.054533
福井県鯖江市杉本町18-8-3,35.981218,136.166317
福井県越前市高瀬2-3 ごはんカフェはぐもぐ内,35.898959,136.159678
福井県越前市杉崎町3-9-1,35.900224,136.206538
福井県福井市中央1-2-1 ハピリン2F,36.061399,136.222008
福井県越前市天王町3-4,35.901089,136.167234
福井県小浜市小浜住吉9,35.493278,135.739388
福井県小浜市小浜酒井95-2,35.494515,135.742003
福井県南条郡南越前町板取16-12,35.732744,136.158963
福井県敦賀市東洋町1-1,35.644305,136.070853
福井県福井市新田塚1-70-28,36.090262,136.204703
福井県坂井市三国町南本町4-11-12,36.210427,136.152292
福井県鯖江市丸山町1-6-22,35.979716,136.183163
福井県福井市西開発1-2506,36.077832,136.236196
福井県越前市上太田町29-15-1 カワイビル,35.90574,136.149925
福井県小浜市福谷9-5-1,35.522925,135.751451
福井県坂井市三国町加戸119-10-32,36.228513,136.175508
福井県敦賀市金ヶ崎町4-1,35.662005,136.074677
福井県福井市新田塚町701-3 Nファインシティビル1F,-,-
福井県福井市高木中央2-3502-2,36.090504,136.236244
福井県敦賀市平和町13-20,35.646389,136.048852
福井県鯖江市川島町66-27-1,35.948833,136.245005
福井県敦賀市莇生野96-8-6,35.62655,136.045548
福井県大野市本町2-9,35.98913,136.488196
福井県大飯郡高浜町和田122-27-1,35.492323,135.578262
福井県福井市大和田2-202 opmビル104,36.096142,136.246934
福井県福井市高木北1-1014,36.098116,136.229873
福井県敦賀市木崎24-5-2,35.644754,136.04586
福井県敦賀市沢68-10,35.625022,136.036599
福井県敦賀市白銀町4-12,35.646395,136.074594
福井県福井市福町31-1 鷲田ビル1F,36.046538,136.192143
福井県勝山市元町1丁目11-17,36.059682,136.504118
福井県勝山市沢町1丁目6-9,36.064397,136.500015
福井県坂井市丸岡町一本田中34-56,36.153063,136.265121
福井市志比口2-4-1,36.07069,136.235227
福井県坂井市丸岡町下安田26-15-2,36.125369,136.260368
福井県小浜市駅前町26-16-37,35.492222,135.747953
福井県福井市渕2-820 塚谷ビル106,36.040803,136.188203
福井県敦賀市木崎4-11-2,35.636628,136.04949
福井県鯖江市石田上町44-10,35.978579,136.162803
福井県小浜市駅前町4-28,35.492346,135.742937
福井県小浜市小浜白鬚40,35.495811,135.741087
福井県敦賀市清水町1丁目18-9,35.653566,136.075418
福井県大飯郡おおい町成和2-1-113,35.481816,135.610928
福井県福井市勝見3丁目3-14,36.055313,136.230405
福井県福井市黒丸町14-48-1,36.10022,136.195399
福井県三方郡美浜町日向10-22,35.609677,135.893189
福井県南条郡南越前町大谷86-1,35.796719,136.092306
福井県坂井市三国町川崎54-13-6,36.196035,136.154917
福井県福井市順化1-17-25 津々美第二ビル1F,36.066035,136.215645
福井県坂井市丸岡町羽崎5-6-1,36.118406,136.258494
福井県坂井市三国町米ケ脇4-4-16,36.225525,136.132712
福井県勝山市長山町1丁目5-50,36.068456,136.506463
福井県勝山市鹿谷町保田99-5,36.071321,136.464844
福井県勝山市元町1-6-16,36.055694,136.502868
福井県福井市大宮3-14-11,36.08151,136.209413
福井県福井市文京7-9-26,36.076596,136.21145
福井県福井市花堂南2-16-1 ショッピングシティベル2F,36.033392,136.212143
福井県あわら市春宮1-11-23,36.21541,136.233495
福井県福井市町屋1-3-5 マルタケビル1F,36.078273,136.231835
福井県福井市成和2-1103,36.056989,136.249492
福井県坂井市三国町安島64-1-51-11,-,-
福井県福井市順化2丁目20-13 友邦ビル3F,36.06601,136.214902
福井県福井市町屋1-3-5 マルタケビル1F南,36.078273,136.231835
福井県福井市学園2-8-22,36.069412,136.199376
福井県越前市村国3丁目17-5 You上の島ビル1-E,-,-
福井県敦賀市清水町1丁目20-17-1 Himeビル1F,-,-
福井県福井市文京6-33-2,36.077261,136.197597
福井県福井市松城町12-7,36.062214,136.240739
福井県福井市二の宮3-27-22,36.08564,136.211702
福井県坂井市三国東5-1-20,36.21062,136.159202
福井県福井市日光2丁目8-13,36.072849,136.202082
福井県大野市元町5-23,35.98537,136.488678
福井県勝山市沢町1丁目7-22,36.063945,136.499628
福井県福井市田原1-7-10 シャトレー田原101,36.072353,136.21675
福井県丹生郡越前町梅浦84-1-3,35.959011,135.990059
福井県坂井市春江町西長田12-1,36.153116,136.206299
福井県敦賀市白銀町1-15,35.645719,136.076269
福井県大野市新庄19-19-1,35.975554,136.483806
福井県丹生郡越前町西田中4-503,35.974359,136.132773
福井県勝山市下毛屋2-7-5,36.048302,136.507693
福井県小浜市大手町 もりしまビル2F,35.496256,135.745273
福井県越前市蓬莱町5-10,35.902037,136.165984
福井県越前市府中3-14-28,35.908879,136.169883
福井県坂井市丸岡町一本田5-20-1,36.149886,136.2645
福井県福井市若杉3丁目1705,36.053891,136.188644
福井県あわら市温泉3-201 あわら温泉屋台村湯けむり横丁内,36.223475,136.192726
福井県小浜市田烏63-14-1,35.53785,135.835322
福井県越前市国高2丁目42-7,35.90847,136.189244
福井県鯖江市日の出町2-1 駅前ビル1F,35.942808,136.188385
福井県鯖江市丸山町1-6-25,35.981057,136.180348
福井県福井市花堂東2丁目414,36.041599,136.222081
福井県福井市下馬3丁目418,36.038119,136.231548
福井県福井市岩倉町11-6,36.0021,136.263354
福井県敦賀市本町2-7-23,35.648882,136.072536
福井県福井市町屋1-2-15,36.077723,136.232042
福井県福井市若杉4-724,36.05771,136.187182
福井県大野市水落町5-12,35.990851,136.48644
福井県敦賀市白銀町6-41,35.646202,136.073722
福井県大野市明倫町11-8 ポポロ.5内,35.983422,136.490863
福井県坂井市坂井町徳分田36-14-2,36.15742,136.219446
福井県大野市美川町9-19,35.983645,136.497895
福井県越前市妙法寺町412,35.882483,136.158974
福井県あわら市温泉4丁目-305,36.224751,136.193691
福井県福井市高木中央1-2903-1,36.087065,136.234055
福井県越前市塚町306,35.914143,136.191914
福井県敦賀市白銀町11-5 アルプラザ敦賀6F,35.648405,136.07155
福井県大野市吉野町119-1,35.982418,136.502703
福井市大願寺1丁目4-17,36.082336,136.23195
福井県小浜市小浜白鬚37 D-1ビル1F,-,-
福井県越前市千原町7-7,35.910019,136.237311
福井県福井市舞屋町23-2,36.035242,136.205453
福井県福井市春日3丁目916-1,36.050777,136.226568
福井県大野市大和町3-34,35.984595,136.493305
福井県鯖江市小黒町3丁目901,35.955532,136.175518
福井県越前市桂町4番9号,35.905567,136.164826
福井県勝山市滝波町2-119,36.070059,136.489117
福井県小浜市小浜白鬚37 D-1ビル3F,-,-
福井県丹生郡越前町高佐16-18-3,35.904751,135.998062
福井県福井市順化2丁目20番17号 セレクトシティ片町3F,36.065928,136.215085
福井県福井市光陽4-3-24,36.067802,136.193947
福井県越前市桂町5-9,35.90531,136.165087
福井県敦賀市清水町1丁目21-18 三宅ビル2F,-,-
福井県福井市北四ツ居2丁目1-5,36.066053,136.242398
福井県大飯郡高浜町湯谷1-22-3,35.486793,135.542167
福井県大飯郡おおい町本郷154-1-6,35.482725,135.617609
福井県福井市二の宮3丁目23-32,36.085753,136.217645
福井県三方上中郡若狭町気山116-22-1,35.587763,135.910856
福井県大野市元町3-20,35.985414,136.488142
福井県南条郡南越前町東大道28-8-7,35.834824,136.193833
福井県福井市西開発4-202-1,36.086248,136.235851
福井県小浜市竜前5-13-1,35.473224,135.780332
福井県福井市問屋町4-117,36.053224,136.254493
福井県福井市文京6-21-17,36.076596,136.21145
福井県福井市文京3-16-1,36.076596,136.21145
福井県敦賀市津内町2-8-8,35.649283,136.0702
福井県鯖江市北中町23-33,35.955006,136.286668
福井県福井市順化2-12-14 プリンスビル301,36.064787,136.214571
福井県大野市春日155-14-1,35.969928,136.502938
福井県大野市中保9-14-1,35.9878,136.509477
福井県越前市高瀬1-3-32,35.897674,136.159898
福井県越前市国府1丁目10-25,35.906071,136.167035
福井県福井市御幸3丁目9₋7,-,-
福井県坂井市三国町北本町2-1-20 三国駅舎内,36.216946,136.149864
福井県大野市春日174-7-6,35.975913,136.505107
福井県あわら市温泉5-1502,36.227459,136.193076
福井県小浜市大手町7-1,35.496198,135.745676
福井県三方郡美浜町早瀬1-5,35.613532,135.903278
福井県福井市光陽2-1-19,36.068503,136.200457
福井県勝山市元町2丁目13-32,36.05748,136.503783
福井県福井市日之出1-17-20,36.062495,136.225266
福井県あわら市温泉1丁目210,36.224243,136.193155
福井県福井市舟橋新1-205,36.098459,136.211366
福井県鯖江市杉本町30-14-3,35.981423,136.170137
福井県坂井市三国町加戸119-17-15,36.228846,136.175142
福井県勝山市滝波町2丁目304-1,36.073054,136.493581
福井県福井市大和田2-422,36.09475,136.247822
福井県越前市北府2丁目15-15,35.916376,136.16698
福井県越前市府中1-9-19,35.901985,136.170999
福井県福井市福1丁目1609,36.046909,136.188608
福井県福井市二の宮4-46-25,36.08755,136.214243
福井県越前市京町1-4-35,35.903313,136.164281
福井県大野市有明町19-10,35.984372,136.500734
福井県坂井市丸岡町霞町2-16-13,36.154763,136.270293
福井県坂井市春江町随応寺16-11 アル・プラザアミ店内,36.134597,136.219577
福井県福井市文京5-13-33,36.076596,136.21145
福井県福井市文京3-10-10,36.076596,136.21145
福井県坂井市丸岡町本町3-41,36.155337,136.268562
福井県坂井市春江町江留上昭和139,36.121109,136.219936
福井県大野市中荒井町2-418,35.988997,136.492932
福井県敦賀市本町1丁目10-4,-,-
福井県福井市文京1-24-10,36.076596,136.21145
福井県敦賀市若葉町1-1531 日本海さかな街内A棟,35.634573,136.049895
福井県敦賀市清水町1丁目18-9 神原ビル2F,35.653526,136.075613
福井県大野市春日3丁目19-9,35.97287,136.498745
福井県小浜市小浜竜田7,35.494055,135.742742
福井県福井市文京6-20-2,36.076596,136.21145
福井県鯖江市水落町25-28 文化の館内,35.961777,136.186474
福井県福井市杉谷町23-44-4,36.020507,136.189137
福井県福井市春山1丁目7-12 エレガント春山1F,36.070055,136.217502
福井県丹生郡越前町天王20-4-23,35.980773,136.124283
福井県越前市幸町4-7,35.903354,136.165946
福井県福井市今市町1-9,36.008299,136.199104
福井県敦賀市鋳物師町5-23,35.65051,136.054924
福井県大野市神明町203,35.979896,136.501876
福井県大野市若杉町1112,35.97318,136.499126
福井県福井市開発4丁目407-1,36.084659,136.238136
福井県越前市芝原5-20-24,35.921624,136.162165
福井県福井市順化2-20-2 エルミオーレビル2F,36.065719,136.214876
福井県福井市明里町2-65,36.060863,136.199436
福井県あわら市温泉5-1302 ハイム松月101号,36.227354,136.191677
福井県南条郡南越前町糠11-9,35.849055,136.040976
福井県南条郡南越前町糠106-1-11,35.854933,136.033766
福井県南条郡南越前町糠12-9,35.85002,136.039921
福井県南条郡南越前町糠12-14,35.849913,136.040081
福井県南条郡南越前町糠12-21,35.849659,136.040405
福井県丹生郡越前町午房ヶ平19鎌岩34,-,-
福井県あわら市大溝1-27-45,36.2134,136.219887
福井県福井市日光2-16-9,36.072944,136.198193
福井県福井市学園2-12-13,36.070723,136.198153
福井県福井市若杉3-1703,36.054236,136.18853
福井県勝山市郡町1-230,36.072158,136.498688
福井県あわら市舟津26-10,36.227659,136.186173
福井県福井市松城町12-7 パリオCiTY2F フードコート内,36.062257,136.240745
福井県勝山市元町3丁目6-23,36.053809,136.505733
福井県丹生郡越前町内郡14-8,35.972727,136.12825
福井県小浜市駅前町7-5 2F,35.492632,135.745769
福井県大野市泉町6-10,35.983714,136.485566
福井県福井市高木中央1-106,36.093761,136.231347
福井県勝山市郡町1丁目264,36.069898,136.495126
福井県福井市文京3-9-1,36.076596,136.21145
福井県丹生郡越前町茂原5-13,35.910861,135.996851
福井県小浜市小浜酒井1番12,35.494175,135.743543
福井県小浜市加茂78-5,35.489231,135.82992
福井県福井市日之出5-9-10 黒川マンション1F,36.067547,136.232717
福井県福井市大和田1丁目101番地,36.092287,136.246394
福井県小浜市上野30-22-1,35.475031,135.794745
福井県鯖江市五郎丸町235,35.935662,136.190286
福井県福井市舞屋町2-13,36.035428,136.203858
福井県敦賀市呉羽町2番地,35.640657,136.055427
福井県小浜市駅前町19-40-3,35.492222,135.747953
福井県小浜市小浜酒井56,35.495022,135.743122
福井県勝山市芳野町1丁目4-9,36.065387,136.502016
福井県三方郡美浜町日向10-65,35.607914,135.895084
福井県鯖江市上河内町19-37-2,35.947847,136.300152
福井県福井市安波賀中島町1-1-1,36.020332,136.294602
福井県福井市渕2-1005,36.041899,136.186749
福井県福井市花堂北1-12-25 2F,36.040163,136.214387
福井県福井市羽水1-607-1,36.042593,136.233141
福井県小浜市遠敷8₋702₋4,35.482667,135.776906
福井県大飯郡高浜町和田122-2-1,35.491481,135.577487
福井県敦賀市新松島町3-8,35.647077,136.056042
福井県大野市泉町3-8,35.982241,136.486182
福井県坂井市丸岡町山口60-8,36.161425,136.33231
福井県福井市御幸3-16-31,36.054306,136.23716
福井県大野市本町6-24,35.987946,136.489451
福井県越前市府中1-12-2,35.902406,136.169931
福井県坂井市坂井町下新庄16-25,36.168876,136.221167
福井県福井市高木中央2-3410,36.090423,136.234398
福井県坂井市三国町三国東5-1-20,36.21062,136.159202
福井県小浜市和久里11号石塔前22,35.487886,135.759557
福井県敦賀市木崎12号,35.640553,136.048759
福井県福井市江守中1丁目1810,36.036292,136.194183
福井県勝山市鹿谷町発坂11-37,36.06949,136.464889
福井県福井市加茂河原1-4-5,36.059946,136.196777
福井県勝山市170-70,36.072672,136.555717
福井県小浜市塩竈60,35.497749,135.74167
福井県敦賀市若葉町1-1555,35.634582,136.049305
福井県勝山市立川町1-16-16,36.054742,136.49868
福井県敦賀市蓬莱町17-25 2F,35.656784,136.066474
福井県勝山市片瀬町2-515,36.052796,136.516342
福井県福井市みのり4-6-7,36.050008,136.205627
福井県大野市国時町1012,35.975398,136.504349
福井県福井市下江守町4-10-2,36.037551,136.184665
福井県大野市木本58-23,35.935786,136.512241
福井県小浜市小浜清滝92,35.499399,135.744455
福井県大野市元町2-16,35.984709,136.488192
福井県福井市河増町21-60-3,36.061233,136.254074
福井県坂井市三国町神明2-1-20,36.21726,136.145678
福井県小浜市水取1-5-6,35.504833,135.751229
福井県福井市石盛2丁目2005,36.117037,136.232786
福井県坂井市丸岡町東洋2-92,36.149667,136.273489
福井県大野市中挾1-1407,35.985698,136.503539
福井県小浜市小浜貴船68-2,35.492507,135.7358
福井県福井市半田町4-32,36.010708,136.217343
福井県福井市みのり4-12-6,36.049389,136.207665
福井県福井市文京3-14-1 明春コーポ105,36.077789,136.214601
福井県小浜市小浜住吉28 吉田ビル1F,35.493874,135.739887
福井県敦賀市神楽町1丁目1-11,35.6543,136.07225
福井県小浜市駅前町6-38,35.492866,135.745358
福井県坂井市春江町随応寺23-10-1,36.133942,136.221226
福井県越前市粟田部町31-19,35.915955,136.241289
福井県福井市毛矢3-2-2,36.056904,136.213646
福井県越前市深草2-2-11,35.905108,136.16017
福井県坂井市坂井町蔵垣内32-19-10,36.17238,136.220298
福井県小浜市小浜竜田20-2,35.494468,135.74299
福井県勝山市遅羽町ほうき52-1,36.033759,136.497363
福井県大野市陽明町3-607,35.991443,136.499312
福井県坂井市丸岡町一本田27-12-14,36.14721,136.262154
福井県大野市弥生町7-20 サミットビル パート2,-,-
福井県大飯郡おおい町本郷153-26-1,35.482479,135.619722
福井県あわら市舟津48-19-5,36.225885,136.189979
福井県敦賀市野神26-4-11,35.636708,136.054924
福井県福井市順化2-20-1 ランドマーク3F,36.06561,136.214927
福井県福井市若杉1-2921 エリジオン若杉101,36.057508,136.18777
福井県福井市順化2丁目20-14 ワコーKプラザビル1F,-,-
福井県越前市高瀬2-3-3,35.899587,136.159949
福井県大飯郡高浜町和田131-16-1,35.495017,135.579129
福井県福井市西谷2-2709,36.039576,136.200554
福井県福井市高木2-112-3,36.09396,136.229611
福井県坂井市丸岡町霞町1-23,36.151655,136.271986
福井県福井市福町1-2705,36.052094,136.184654
福井県福井市順化2-13-14 コパビル2F,-,-
福井県福井市加茂河原1丁目5-12,36.05951,136.196357
福井県小浜市小浜酒井1-63 村上ビル1F,35.494439,135.744015
福井県福井市順化2-13-1,36.065002,136.2148
福井県福井市順化1-17-5,36.065609,136.2153
福井県福井市みのり2-3-15,36.050565,136.214733
福井県福井市西開発2-101-3,36.077822,136.238739
福井県勝山市片瀬町2-114,36.050264,136.514696
福井県勝山市本町1-3-6,36.06092,136.498132
福井県福井市順化2-12-19 プラチナビル4F402,-,-
福井県あわら市北潟211,36.261718,136.231828
福井県坂井市春江町随応寺25-1 ハーツはるえ,36.134333,136.223158
福井県三方郡美浜町久々子47-38,35.606536,135.915576
福井県小浜市小浜白鳥72-1,35.4939,135.737895
福井県福井市大和田2丁目401,36.095284,136.247577
福井県福井市二の宮2丁目8番75号,36.084678,136.226398
福井県小浜市大手町8-5,35.497604,135.745917
福井県越前市住吉町9-23,35.898488,136.168679
福井県小浜市清滝86-2,35.499484,135.744089
福井県勝山市郡町3-101,36.073482,136.498733
福井県大飯郡高浜町 若狭和田ビーチ,-,-
福井県大野市錦町5-12,35.985982,136.49305
福井県越前市府中1-11-2 アル・プラザ武生1F,35.90389,136.170356
福井県三方郡美浜町日向47-46,35.612179,135.89135
福井県小浜市駅前町8-20,35.493122,135.74612
福井県福井市大町2-1009 フローデンハイツ102,36.036937,136.22043
福井県福井市二の宮3-36-13,36.087529,136.215727
福井県福井市石盛町914,36.115801,136.219936
福井県三方郡美浜町日向47-14,35.612338,135.889864
福井県坂井市三国町新保45-1-1,36.199761,136.144205
福井県福井市渕4-2807,36.046248,136.183568
福井県敦賀市若葉町1-1531,35.634681,136.049914
福井県小浜市小浜日吉75,35.494684,135.738636
福井県三方郡美浜町日向47-51,35.611876,135.891066
福井県福井市種池2-712,36.037647,136.188005
福井県小浜市駅前町2-3,35.492248,135.745047
福井県福井市小山谷町33-4-14,36.053116,136.203549
福井県大飯郡高浜町日引5-3,35.542198,135.473455
福井県大野市元町6番9号,35.985017,136.489721
福井県大野市春日3-1-31,35.978262,136.496487
福井県福井市西谷1丁目1201,36.038493,136.207645
福井県小浜市駅前町3-15 1F,35.493071,135.743816
福井県小浜市小浜広峰87 人見ビル2F,-,-
福井県大飯郡おおい町名田庄三重52-18-1,35.406733,135.687346
福井県敦賀市清水町1-20-8,35.652624,136.075362
福井県福井市和田東2-1102,36.049722,136.247758
福井県福井市大和田2丁目1212番地,36.095594,136.249634
福井県福井市花堂南2-16-1,36.03364,136.212625
福井県丹生郡越前町朝日4-15-1,35.973239,136.127363
福井県坂井市三国町梶10-4,36.245634,136.157305
福井県福井市真木町104-12,36.00783,136.201789
福井県坂井市丸岡町霞町3-1-5,36.154192,136.272971
福井県敦賀市木崎17-14,35.642152,136.049914
福井県小浜市遠敷9-501,35.484014,135.773797
福井県越前市横市町28-14-1,35.907014,136.192975
福井県大飯郡おおい町成海1-1-2,35.481275,135.629909
福井県福井市二の宮3-23-20,36.085719,136.216932
福井県福井市若杉町11-8-1,36.057445,136.192384
福井県福井市順化2-20-1 ランドマークビル5F,36.065624,136.21495
福井県福井市二の宮2-8-69,36.08564,136.211702
福井県坂井市三国町安島64-1,36.2371,136.127724
福井県福井市二の宮3-13-23,36.08564,136.211702
福井県大野市友江13,35.996693,136.499382
福井県坂井市三国町安島64-1-1,36.236635,136.127899
福井県あわら市二面3-705,36.22357,136.199579
福井県越前市高瀬1丁目25-18,35.893609,136.159198
福井県南条郡南越前町中小屋60-1,35.808836,136.227283
福井県福井市文京5-14-32 文京パセオ1F,36.076593,136.205215
福井県福井市久喜津町52-11,36.054776,136.175335
福井県坂井市春江町随応寺16-11,36.134842,136.219025
福井県小浜市四谷町9-22 PARK101 3F,35.496944,135.747583
福井県南条郡南越前町今庄9-13,35.781506,136.198857
福井県福井市大宮4-14-18,36.082117,136.221106
福井県坂井市丸岡町西里丸岡7-12-2,36.151628,136.267785
福井県福井市西開発3-111,36.081209,136.236188
福井県小浜市駅前町26-16-16,35.492222,135.747953
福井県福井市若杉4丁目305,36.058177,136.186615
福井県福井市文京6-21-12,36.076596,136.21145
福井県坂井市丸岡町朝陽1-310-1,36.1578,136.264678
福井県福井市二の宮3丁目2-14,36.08331,136.218226
福井県大飯郡高浜町南団地1-2-2,35.485654,135.549045
福井県越前市東千福町7-10 ヴェニュー英々ビル1F,-,-
福井県坂井市春江町江留下高道123,36.129284,136.219882
福井県勝山市元町1丁目7-28 勝山サンプラザ1F,36.060706,136.502707
福井県福井市加茂緑苑町609-3,36.052476,136.192936
福井県福井市大和田2丁目1230番地 アピタ福井大和田店2F,36.096918,136.250414
福井県大飯郡高浜町事代1-37,35.492944,135.551492
福井県福井市高木中央3-304,36.08859,136.238439
福井県越前市横市町34-5,35.906383,136.192884
福井県福井市山奥町58-85-1,36.051523,136.201998
福井県福井市順化1-16-20 アパホテル福井片町アネックス1F,36.064949,136.215103
福井県福井市順化1-10-3 寿々屋第二ビル２F,36.063716,136.216712
福井県小浜市多田12-1,35.485966,135.764187
福井県勝山市郡町2-7-22,36.072872,136.500308
福井県越前市横市町34-14-1 2F 大和,35.906604,136.191554
福井県越前市東千福町27-37,35.892863,136.156775
福井県大野市元町1-2,35.985077,136.487242
福井県小浜市府中15-26,35.494129,135.75948
福井県坂井市丸岡町西里丸岡10-18 セントラルプラザ1F,36.150131,136.266527
福井県福井市文京6-35-17,36.076596,136.21145
福井県勝山市栄町1-3-15,36.064288,136.496042
福井県越前市横市28-14-1 武生楽市2F,35.907026,136.193227
福井県福井市順化2-20-20,36.065678,136.215035
福井県鯖江市丸山町1-3-13,35.9805,136.179851
福井県勝山市村岡町寺尾51-11 恐竜の森ジオターミナル内,36.083495,136.506176
福井県福井市手寄1-4-1 AOSSAビル1F,36.060777,136.223584
福井県福井市和田2丁目101,36.051708,136.243211
福井県今立郡池田町稲荷37-8-1,35.891988,136.344797
福井県敦賀市津内町1-4-21,35.652413,136.070559
福井県越前市芝原3丁目4-19,35.916635,136.156707
福井県小浜市南川町16-21,35.49054,135.756189
福井県鯖江市下新庄町63-44,35.933163,136.212337
福井県福井市定正町1315-2,36.118318,136.219059
福井県鯖江市下河端町16-16-1,35.969307,136.189513
福井県福井市日光2丁目13-14,36.073416,136.198022
福井県福井市大和田2-1230 アピタ福井大和田店 1F シネマ棟,36.096918,136.250414
福井県大野市清和町204,35.987097,136.502088
福井県福井市毛矢1丁目7-22,36.056698,136.215115
福井県大野市伏石13-5,35.987377,136.575186
福井県福井市大和田1-101,36.092287,136.246394
福井県福井市栄町14-7,36.108727,136.224863
福井県福井市大宮4-14-18 ストリート大宮102,36.082117,136.221106
福井県大野市中保9-12-19,35.9878,136.509477
福井県大野市新庄15-22-2,35.977083,136.486043
福井県越前市芝原5丁目14-54,35.924636,136.161654
福井県敦賀市平和町9-13,35.646012,136.050603
福井県福井市小山谷町34-9,36.054905,136.206137
福井県敦賀市木崎21-5,35.644469,136.047791
福井県敦賀市櫛林25-3-6,35.624824,136.041925
福井県敦賀市山泉73-709,35.615278,136.061161
福井県三方郡美浜町久々子80-3,35.606487,135.911137
福井県福井市宝永4丁目6-25,36.068123,136.221102
福井県敦賀市木崎51-38-1,35.645333,136.038702
福井県越前市横市町39-8-3 プリンスホテルタケフ内,35.904703,136.19163
福井県鯖江市北野町18-8,35.970561,136.175212
福井県越前市今宿町1-2-4,35.866084,136.170355
福井県越前市横市町39-8-3,35.904292,136.191606
福井県福井市島寺町53-6,36.020005,136.147343
福井県大野市月美町3-10,35.986,136.498968
福井県大野市陽明町1-303,35.988758,136.497627
福井県あわら市春宮1-9-37,36.214865,136.233107
福井県福井市高木中央1-2101 プチドラゴン1F,-,-
福井県福井市みのり2-3-12,36.050937,136.214767
福井県福井市浅水二日町120-7,36.002149,136.199023
福井県福井市下馬町51-11 福井県立図書館内,36.037244,136.242158
福井県鯖江市東鯖江1-1-3 MM6ビル1F,35.943403,136.19445
福井県福井市開発3-316,36.085061,136.242701
福井県福井市南四ツ居1丁目913,36.062004,136.244285
福井県坂井市三国町安島東尋坊64-1-185,36.237658,136.125524
福井県坂井市三国町宿3丁目1-34,36.225663,136.138488
福井県敦賀市木崎14-25,35.641947,136.047418
福井県越前市上太田町23-9-11,35.906476,136.149006
福井県今立郡池田町土合皿尾14-7-1,35.860303,136.365112
福井県福井市大和田2-202 opm102,36.09615,136.246923
福井県鯖江市有定町2-4-29 有定ビル102,35.944524,136.176255
福井県福井市足羽上町147-2,36.05656,136.208987
福井県鯖江市幸町2-5-23,35.975987,136.18021
福井県小浜市四谷町6-1,35.496602,135.750303
福井県福井市二の宮3-35-12,36.08564,136.211702
福井県坂井市三国町安島64-1-43,36.236631,136.127936
福井県福井市八重巻町306番地1 102号,36.115143,136.220578
福井県大野市元町8-17,35.984178,136.490396
福井県福井市高木中央1-2807,36.087316,136.234764
福井県福井市学園2丁目10-16,36.070723,136.197851
福井県福井市木田2-2106,36.04591,136.223649
福井県越前市庄町21-5-3,35.904628,136.198923
福井県福井市開発5丁目1207番地,36.086372,136.244966
福井県福井市開発3-2509,36.081967,136.244119
福井県越前市中央1-7-14,35.900694,136.15595
福井県福井市開発2-710 野坂ビル1F,36.077291,136.239229
福井県大飯郡高浜町和田168-20-1,35.487681,135.582448
福井県小浜市本保23-26,35.508181,135.807529
福井県福井市米松1丁目15-28,36.066863,136.241678
福井県福井市堀ノ宮1-325,36.081671,136.196306
福井県福井市渕4-1107,36.046033,136.18384
福井県福井市新田塚1丁目25-1,36.089341,136.208687
福井県福井市大和田2丁目518,36.096676,136.247952
福井県三方上中郡若狭町熊登野38-13-1,35.513397,135.90679
福井県坂井市三国町三国東3-12-21,36.209694,136.163422
福井県福井市大和田1-402,36.093778,136.248728
福井県小浜市小浜香取14,35.491639,135.734199
福井県福井市徳光町34-48,36.006945,136.245042
福井県大野市大和町4-20,35.984122,136.495727
福井県福井市日光2-1-8 日光レジデンス1F,36.071215,136.201875
福井県越前市千福町220,35.891022,136.155729
福井県鯖江市日の出町1-18,35.941416,136.188779
福井県敦賀市若葉町1-1531 日本海さかな街内,35.634564,136.049728
福井県福井市豊島1-6-14,36.057138,136.22177
福井県福井市二の宮3-1-22,36.08564,136.211702
福井県越前市岩本町6-2-3,35.908952,136.244299
福井県福井市西谷1-1702,36.03562,136.207823
福井県越前市家久町58-11-1,35.930108,136.162633
福井県越前市桂町3-16,35.905575,136.164572
福井県勝山市平泉寺町平泉寺65-7,36.043495,136.536185
福井県福井市成和2-1113-2,36.057542,136.247607
福井県福井市学園2-1-23,36.070809,136.200168
福井県坂井市丸岡町御幸1-31-5,36.159353,136.267713
福井県福井市米松1-16-32,36.065239,136.241632
福井県福井市順化1-12-12 シャングリラビル3F,36.06467,136.216941
福井県勝山市鹿谷町保田97-23,36.072078,136.46579
福井県敦賀市若葉町1-1531 ,35.634681,136.049914
福井県福井市二の宮3-26-19,36.08564,136.211702
福井県鯖江市丸山町2-1-26,35.981057,136.180348
福井県福井市下荒井町18-14,36.024058,136.206328
福井県吉田郡永平寺町松岡葵1-75-5,36.092846,136.297442
福井県敦賀市三島町1-16-36,35.652765,136.062897
福井県小浜市湊8-13-3,35.511488,135.7482
福井県福井市花月5-1-45,36.070803,136.204906
福井県勝山市本町1-6-30,36.061329,136.496608
福井県坂井市三国町安島59-50-15,36.236829,136.131656
福井県坂井市春江町随応寺23-8,36.134003,136.221262
福井県あわら市山十楽53-2-11,36.235148,136.225414
福井県勝山市郡町3-503,36.072764,136.496297
福井県丹生郡越前町西田中8-34,35.976767,136.128985
福井県坂井市春江町為国幸11-4,36.127342,136.227451
福井県敦賀市木崎14-24,35.641635,136.047493
福井県福井市文京7-8-1,36.076596,136.21145
福井県敦賀市津内町1-8-27,35.651679,136.070182
福井県鯖江市新横江1丁目2-207,35.942752,136.196189
福井県越前市幸町7-15,35.904423,136.16749
福井県越前市本多3-2-8,35.906864,136.163526
福井県坂井市丸岡町松川1-162,36.155031,136.278034
福井県鯖江市莇生田町12-1-1,35.948669,136.272419
福井県坂井市丸岡町一本田6-36,36.148583,136.266395
福井県福井市田原2-19-27,36.072554,136.213694
福井県勝山市滝波町4-201,36.073869,136.489507
福井県大野市本町2-3,35.988288,136.487982
福井県福井市足羽1丁目8-45,36.057718,136.208549
福井県福井市北四ツ居町14-17-1,36.070406,136.24673
福井県福井市田原1-12-7 イズノテントB号,-,-
福井県福井市順化2-7-6,36.06444,136.214116
福井県坂井市三国町安島64-1-66,36.23688,136.128066
福井県越前市千福町29,35.894904,136.155085
福井県勝山市郡町2-40,36.072076,136.503435
福井県福井市大和田2-1304,36.095094,136.251827
福井県福井市御幸4-20-8,36.056811,136.241338
福井県勝山市上高島12-2,36.041715,136.506796
福井県福井市順化1-16-18 片町ステーションビル3F,36.06534,136.215477
福井県福井市高木中央1-309-1,36.091669,136.232759
福井県坂井市春江町江留中39-10-1,36.136185,136.220242
福井県福井市大宮4-1-5,36.082117,136.221106
福井県鯖江市東鯖江2-2-1,35.947635,136.194462
福井県敦賀市木崎12-15-1,35.640206,136.048908
福井県越前市本保町23-1-1,35.925434,136.159936
福井県福井市米松1-15-29,36.064331,136.239602
福井県福井市今市町17-11,36.010849,136.202688
福井県越前市横市町36-4-1,35.904919,136.1907
福井県越前市稲寄町26-7-3,35.923087,136.189423
福井県坂井市丸岡町里丸岡3-4,36.143634,136.276714
福井県福井市高木中央1-2601,36.087904,136.235394
福井県大野市弥生町1-17,35.983213,136.49638
福井県福井市三留町21-4 PLANT3清水店内,36.029974,136.147562
福井県鯖江市中野町233-11,35.948573,136.219706
福井県越前市矢放町21-5-11,35.889796,136.1884
福井県丹生郡越前町乙坂39-1,35.990912,136.149206
福井県大野市本町9-3,35.98676,136.489818
福井県福井市若杉1-1217,36.060028,136.186169
福井県福井市清水杉谷町8-62,36.036883,136.155355
福井県大飯郡おおい町名田庄口坂本31-4-1,35.399575,135.609191
福井県敦賀市野坂15号柳谷1-1,-,-
福井県勝山市旭町2-1-18,36.055007,136.509965
福井県坂井市三国町山岸35-5-9,36.190141,136.140003
福井県福井市下馬3-1711,36.039881,136.236311
福井県小浜市川崎1-3-2,35.500852,135.736701
福井県敦賀市本町1丁目12-13,-,-
福井県福井市学園1-2-12 学園ビル1F,36.070789,136.20075
福井県福井市春山2-23-12,36.070536,136.214027
福井県吉田郡永平寺町志比5-15,36.055838,136.354235
福井県敦賀市昭和町2丁目22-31,35.641654,136.059395
福井県吉田郡永平寺町藤巻34-19-1,36.072521,136.418394
福井県越前市横市町34-14-1,35.906944,136.191863
福井県小浜市川崎2-5-3,35.500852,135.736701
福井県鯖江市水落町3-10-24,35.961404,136.173264
福井県鯖江市水落町1-13-18,35.960663,136.175975
福井県丹生郡越前町内郡14-21,35.973315,136.13045
福井県越前市府中1-10-6,35.902406,136.169931
福井県小浜市府中8-41,35.494363,135.757966
福井県小浜市小浜竜田3,35.493897,135.742724
福井県福井市文京3丁目24-5 城戸ビル1F,36.079216,136.209524
福井県福井市文京3丁目24-5 城戸ビル2F,36.079251,136.209523
福井県坂井市春江町江留上錦15-2,36.122823,136.21887
福井県勝山市長山町1-2-18,36.066581,136.505545
福井県福井市下馬3丁目1302,36.040857,136.233236
福井県福井市宝永1丁目16-6,36.068351,136.229558
福井県鯖江市沢町26-4-2,35.948866,136.300955
福井県大野市高砂町17-2 街合室ビル1F,35.981109,136.49241
福井県越前市押田2-10-12,35.9076,136.189886
福井県福井市石盛町811 Fプラザビル1F,-,-
福井県鯖江市水落町2-28-25,35.963922,136.185879
福井県大飯郡高浜町塩土5-1,35.49263,135.547026
福井県福井市加茂緑苑町310,36.055459,136.191434
福井県福井市日之出2-15-32,36.063873,136.22761
福井県越前市押田1-1-14,35.907685,136.184897
福井県三方上中郡若狭町三方39-5-3,35.555789,135.910194
福井県敦賀市三島町2-217,35.649287,136.066455
福井県勝山市元町1-5-22,36.055694,136.502868
福井県福井市田原1-8-18 メゾンdeフェニックス1F,36.073162,136.216995
福井県鯖江市舟津町2-3-14,35.932618,136.181399
福井県あわら市市姫2-30-31,36.215492,136.228955
福井県越前市粟田部町29-24,35.916732,136.239965
福井県福井市里別所新町211,36.088352,136.197896
福井県福井市印田町18-4 印田ゴルフセンター内,36.052506,136.258859
福井県福井市西開発1-2501 ヤシマビル1F,36.077959,136.237475
福井県坂井市丸岡町富田町1-26,36.149507,136.271106
福井県越前市新在家町9-15,35.911397,136.244264
福井県坂井市春江町江留下相田56,36.126604,136.219366
福井県丹生郡越前町東内郡1-310,35.973376,136.132488
福井県敦賀市白銀町5-29 ホテルスィートピー1F,35.645792,136.074856
福井県越前市粟田部町15-22,35.918248,136.240023
福井県坂井市春江町藤鷲塚38-10,36.144351,136.220106
福井県吉田郡永平寺町志比27-14,36.055955,136.351783
福井県勝山市元町1-7-28 勝山サンプラザ内,36.060984,136.502342
福井県福井市飯塚町11-111,36.066099,136.183255
福井県大野市月美町15-9,35.985188,136.501392
福井県福井市高木中央2-3003,36.092053,136.23605
福井県福井市高木中央2-403 シラサキ第2 102,36.094623,136.231844
福井県福井市二の宮3-27-1,36.086041,136.220738
福井県越前市府中2丁目3-23,35.905051,136.169152
福井県三方上中郡若狭町能登野35-14,35.514218,135.905609
福井県鯖江市有定町3-2-12,35.948687,136.176508
福井県勝山市本町2-4-2,36.059164,136.498239
福井県越前市東千福町7-15,35.891704,136.158593
福井県勝山市栄町4-3-53,36.064288,136.496042
福井県福井市若杉浜2-705,36.062013,136.188932
福井県あわら市二面46-3-2,36.229033,136.194888
福井県越前市庄町36-1-1,35.902592,136.197807
福井県坂井市三国町梶38-37-2 三国温泉お宿あらや1F,36.253572,136.148041
福井県福井市安波賀町14-5,36.010264,136.30061
福井県敦賀市津内町1-2-12 栄ビル103,35.652403,136.071579
福井県福井市松本3-4-7,36.071002,136.222002
福井県越前市白崎町68-8,35.863118,136.14418
福井県福井市若杉1-3102,36.057641,136.190964
福井県坂井市丸岡町一本田中34-40-1,36.153722,136.265282
福井県坂井市丸岡町本町1-53,36.150789,136.270373
福井県越前市村国2-8-24,35.907829,136.180095
福井県敦賀市呉竹町2-13-15,35.646815,136.05652
福井県福井市江端町11-22,36.027885,136.214589
福井県鯖江市日の出町1-2,35.943519,136.188651
福井県越前市京町3-1-3,35.903046,136.164034
福井県坂井市丸岡町一本田2-11-3,36.15215,136.263525
福井県大野市月美町2-6,35.984931,136.498902
福井県大飯郡おおい町成海1-16-2,35.481257,135.633601
福井県鯖江市新横江2丁目2-1,35.942879,136.197587
福井県敦賀市呉竹町2-11-7 柳ハイツ1F,-,-
福井県福井市米松2-1-18,36.067799,136.241439
福井県坂井市春江町江留下3-15,36.126197,136.2219
福井県大野市明倫町3-33,35.984669,136.487413
福井県敦賀市神楽町1丁目2番地39号,35.653874,136.072567
福井県福井市上北野1-24-3,36.063327,136.25126
福井県坂井市三国町黒目22-51-2 センチュリオンホテル リゾート＆スパ テクノポート福井 2F,36.188888,136.133462
福井県福井市堂島町203,36.089807,136.250373
福井県福井市木田町1713番地,36.04614,136.219798
福井県福井市文京7-11-7,36.076596,136.21145
福井県坂井市三国町安島64-1-9,36.236631,136.127936
福井県吉田郡永平寺町志比24-35,36.055926,136.353093
福井県福井市順化2-21-3 JK,36.066222,136.214908
福井県大飯郡おおい町名田庄三重24-34,35.410445,135.677669
福井県福井市新保北1-303,36.087377,136.249169
福井県吉田郡永平寺町市野々39-8-1,36.065017,136.336041
福井県坂井市春江町下小森2-16-1,36.156867,136.191084
福井県鯖江市丸山町1-2-14,35.981057,136.180348
福井県鯖江市北中町733-2,35.954353,136.279622
福井県越前市蓬莱町4-18 蔵の辻,35.902401,136.166148
福井県越前市塚原町24-9-3,35.869889,136.154538
福井県坂井市丸岡町石上2-33,36.147632,136.280641
福井県鯖江市御幸町2-8-6,35.977889,136.190667
福井県大野市鍬掛17-17-1 ヴィオ内フードコート,35.974078,136.479111
福井県敦賀市櫛川41-2-1 花城温泉ホテル 花城内1F,35.65774,136.044086
福井県坂井市丸岡町霞町3-18-9,36.154997,136.273646
福井県福井市乾徳4-1-1,36.071099,136.206508
福井県福井市舞屋町15-3,36.034686,136.205286
福井県大野市蕨生137-21-1 道の駅越前おおの荒島の郷内,35.972615,136.552082
福井県小浜市駅前町13-11,35.492753,135.751506
福井県福井市高木中央2-2612,36.092681,136.236529
福井県福井市二の宮3-27-1 二の宮スカイコープ1F-101,36.08601,136.220733
福井県福井市北四ツ居2-111,36.066524,136.244414
福井県坂井市三国町新保42-3-1-7,-,-
福井県福井市若杉4-201,36.05771,136.187182
福井県福井市定正町1219-2,36.119621,136.219544
福井県敦賀市三島町1-6-23,35.651855,136.064313
福井県大野市月美町6-14,35.985903,136.499787
福井県鯖江市下新庄町17-61,35.937899,136.20163
福井県福井市江端町11-1,36.028407,136.213867
福井県越前市京町1-6-22,35.904057,136.164615
福井県鯖江市神中町3-5-30,35.975524,136.187158
福井県坂井市春江町石塚21-2-3 ゆりの里公園内,36.14925,136.188166
福井県南条郡南越前町今庄109-1,35.769252,136.201118
福井県福井市蒲生町16-7-1,36.03244,136.010353
福井県福井市蒲生町16-2-1,36.03244,136.010353
福井県鯖江市下河端町71-5,35.966115,136.201967
福井県鯖江市東鯖江1丁目109,35.944809,136.195347
福井県敦賀市本町1丁目7-3,35.651833,136.073653
福井県坂井市丸岡町朝陽1-128,36.155725,136.264967
福井県福井市幾代2-1424-1,36.088278,136.225437
福井県小浜市小浜飛鳥108,35.491326,135.733621
福井県勝山市郡町2丁目6-26,36.072868,136.498453
福井県敦賀市本町2丁目7-14,35.648546,136.072518
福井県福井市和田3-403,36.049385,136.246371
福井県坂井市三国町安島64-1-55,36.236527,136.128082
福井県勝山市沢町2-9-10,36.064187,136.501974
福井県坂井市坂井町若宮13-1-50,36.158921,136.237247
福井県鯖江市吉江町18-31-4,35.98457,136.17187
福井県越前市吾妻町3-33,35.901338,136.169939
福井県鯖江市戸口町16-1,35.951866,136.2445
福井県大野市南六呂師169字東上谷野,36.020161,136.573042
福井県福井市三郎丸4-202 サンライトビル102,36.082642,136.194544
福井県小浜市駅前町4-30 KTビル1F,35.492524,135.742942
福井県福井市大和田2-418 エルパプラス３F,36.094653,136.248853
福井県今立郡池田町谷口1-1,35.908754,136.356869
福井県越前市粟田部町47-22,35.912039,136.24236
福井県鯖江市御幸町3-2-2,35.978046,136.193374
福井県坂井市丸岡町一本田中33-25,36.152465,136.265021
福井県越前市京町1-4-34,35.903398,136.1653
福井県福井市経田1-916,36.089739,136.223325
福井県福井市下馬1丁目1102,36.044535,136.237387
福井県丹生郡越前町朝日1-5-1,35.972822,136.130772
福井県勝山市毛屋町1611,36.043972,136.512103
福井県あわら市大溝2-38-21,36.210791,136.218548
福井県越前市平林町1-5-16,35.88777,136.192592
福井県大野市元町2-1,35.98445,136.48785
福井県福井市順化2-20-11,36.066044,136.214653
福井県敦賀市新松島町1-1,35.648581,136.056154
福井県福井市上北野1-25-1,36.063551,136.251007
福井県越前市国高2丁目43-7-1,35.909597,136.188432
福井県越前市粟田部町32-16-1,35.917153,136.242796
福井県小浜市大手町9-8 森島ビル2F,-,-
福井県越前市粟田部町33-6-9,35.917192,136.243247
福井県小浜市生守6-33-2,35.483249,135.754034
福井県敦賀市本町1丁目15-23,35.653507,136.072189
福井県大野市桜塚町705,35.971328,136.504467
福井県越前市桂町6-28 酒井ビル2F,35.905871,136.165551
福井県福井市新保2-228 福井心臓血圧センター内,36.078075,136.250119
福井県勝山市沢町2-11-24,36.063642,136.503885
福井県敦賀市清水町1丁目21-6,35.652203,136.075366
福井県福井市順化1-12-6,36.064511,136.216918
福井県あわら市温泉5-1704-1,36.228639,136.193798
福井県福井市グリーンハイツ4丁目180,36.043786,136.165491
福井県敦賀市本町1-2-12,35.653155,136.074336
福井県鯖江市つつじケ丘15-1,35.989296,136.185905
福井県越前市粟田部町38-3-4,35.915311,136.243304
福井県勝山市本町3-2-8,36.058811,136.499266
福井県越前市村国1丁目5-29,35.905674,136.179549
福井県坂井市三国町山王4-5-6,36.20665,136.157459
福井県坂井市丸岡町上久米田2-5-6,36.106466,136.322952
福井県福井市運動公園1丁目1115,36.05382,136.180077
福井県大野市日吉町5-18,35.982304,136.49285
福井県大野市明倫6-29,35.982644,136.488381
福井県福井市渕2丁目1006,36.042377,136.187947
福井県越前市粟田部町39-4,35.915816,136.242394
福井県坂井市丸岡町西瓜屋15-6-1,36.150264,136.267782
福井県福井市宮地町59-4-1,36.043723,136.280495
福井県越前市東千福町24-17,35.891941,136.156603
福井県福井市開発4丁目401-1,36.084718,136.238529
福井県福井市江守中2丁目601,36.038101,136.199453
福井県越前市府中1丁目14-23,35.904303,136.169288
福井県福井市二の宮2-29-10 パストラルイン二宮1F,-,-
福井県福井市花月1-5-13,36.070648,136.210748
福井県鯖江市河和田町19-1-9,35.951164,136.273862
福井県あわら市春宮2-10-30,36.217161,136.232726
福井県大野市本町4-5,35.988069,136.488419
福井県坂井市三国町山王4-1-47,36.207942,136.156376
福井県敦賀市清水町1-18-13,35.653734,136.075243
福井県坂井市三国町北本町2-1-45,36.217816,136.147926
福井県丹生郡越前町気比庄33-22-3,35.979862,136.145618
福井県南条郡南越前町湯尾3-13-5,35.814577,136.197552
福井県福井市大丹生町70-1-6,36.075601,136.024747
福井県鯖江市舟津町1丁目6-1,35.932618,136.181399
福井県鯖江市桜町2丁目2-11,35.944212,136.179642
福井県福井市有楽町6-16,36.062239,136.205373
福井県福井市成和1丁目1009-1,36.056613,136.242261
福井県鯖江市西袋町39-1-1,35.95184,136.274969
福井県丹生郡越前町梅浦56-13,35.955997,135.981787
福井県福井市荒木新保町31-21,36.035774,136.270062
福井県坂井市丸岡町西瓜屋2-7-3,36.148044,136.269353
福井県大野市中保18-35-1,35.988783,136.512754
福井県福井市加茂河原3-12-31,36.06338,136.191283
福井県鯖江市桜町1-5-9,35.94726,136.180613
福井県福井市真木町13-19,36.004405,136.199126
福井県敦賀市杉箸79-42,35.616536,136.145417
福井県丹生郡越前町高佐27-1,35.900212,135.996996
福井県敦賀市呉竹町1-41-15-101,35.648264,136.059022
福井県坂井市坂井町下兵庫252-14,36.177268,136.196832
福井県鯖江市神明町5-4-62,35.982383,136.187165
福井県鯖江市本町1丁目4-10,35.945168,136.184441
福井県福井市城戸ノ内町10-48,36.003295,136.298017
福井県坂井市春江町江留下高道95-1,36.12969,136.218877
福井県福井市新保北1-409,36.087377,136.249169
福井県越前市京町2-1-5,35.903046,136.164034
福井県坂井市三国町安島64-1-33,36.235687,136.129774
福井県福井市日之出1-14-10 坪井ビル1F,36.064364,136.227248
福井県福井市学園1丁目2-12 学園ビル1F,36.070789,136.20075
福井県坂井市三国町山岸39-50-9,36.19073,136.135599
福井県福井市日之出1-13-6,36.064762,136.227816
福井県福井市文京1-4-24,36.076596,136.21145
福井県吉田郡永平寺町志比23-31-10,36.055768,136.351248
福井県鯖江市丸山町2丁目7-13,35.983763,136.183545
福井県鯖江市水落町3-8-25,35.9673,136.180788
福井県福井市順化2丁目22-1 寺本ビル201,-,-
福井県福井市福2-1910,36.049964,136.187451
福井県敦賀市港町2-15,35.661221,136.074076
福井県小浜市小浜酒井64,35.494945,135.742976
福井県勝山市村岡町寺尾51-11,36.082557,136.50647
福井県福井市町屋1-5-31,36.079286,136.233137
福井県大野市月美町5-9,35.987516,136.499177
福井県あわら市春宮2-4-18,36.216949,136.230113
福井県敦賀市津内町1-8-15,35.651661,136.06912
福井県小浜市駅前町2-8,35.492613,135.744553
福井県福井市照手1-14-4,36.065448,136.21029
福井県大飯郡高浜町宮崎86-41-16,35.487784,135.5446
福井県大飯郡高浜町下車持46-10,35.489016,135.596099
福井県福井市江守中1丁目1809,36.036262,136.194003
福井県坂井市三国町米ヶ脇4-4-28 三国サンセットビーチ北側,36.222633,136.135304
福井県福井市高木町52-28-1,36.095309,136.230586
福井県鯖江市小黒町1-5-16,35.951047,136.17635
福井県福井市米松1-16-38,36.064658,136.241467
福井県福井市若杉1-3015,36.057176,136.188521
福井県鯖江市下河端町23-4-1,35.968011,136.191027
福井県坂井市春江町随応寺24-6-3,36.132684,136.221488
福井県福井市城東4-29-5,36.06041,136.237116
福井県坂井市三国町梶38-37-5,36.251552,136.148559
福井県福井市田尻栃谷町38-46-5,36.036086,136.165678
福井県鯖江市小黒町1-5-3,35.950279,136.177143
福井県鯖江市横江町2-6-9,35.940927,136.191096
福井県福井市若杉2-1535,36.056674,136.187966
福井県越前市庄町1-7,35.910863,136.191565
福井県越前市庄町1-9,35.910476,136.191554
福井県鯖江市神明町3丁目10-20,35.977819,136.182815
福井県越前市芝原5丁目3-8,35.920752,136.158999
福井県越前市上杉本町11-7,35.887278,136.056829
福井県あわら市舟津31-9-1,36.224338,136.186157
福井県敦賀市色浜30-6,35.729396,136.035556
福井県吉田郡永平寺町志比6-1,36.054934,136.352535
福井県福井市下六条14-1 福井県生活学習館内1F,36.036134,136.23162
福井県坂井市三国町楽円53-21-4,36.202327,136.161587
福井県越前市稲寄町26-1,35.92314,136.189386
福井県越前市岡本町15-3-2,35.899552,136.146605
福井県越前市新町4字常淵10-1,35.904442,136.1541
福井県越前市芝原5-5-39,35.922288,136.161148
福井県福井市田原1丁目12-7,36.074086,136.216525
福井県敦賀市若葉町2-1702,35.63316,136.049319
福井県鯖江市柳町4-7-1,35.948929,136.1925
福井県小浜市駅前町19-40 ニュー五番街3階,35.492222,135.747953
福井県越前市平出2丁目4-11,35.909474,136.158771
福井県敦賀市清水町1丁目19-10 千年ビル1F,-,-
福井県坂井市丸岡町霞町1-25,36.151766,136.271674
福井県福井市開発1丁目127,36.075099,136.238975
福井県福井市舟橋新1-204,36.098378,136.211055
福井県鯖江市小黒町1-3-28,35.949955,136.176431
福井県勝山市本町1-4-4,36.06063,136.49595
福井県吉田郡永平寺町志比28-2,36.058881,136.348888
福井県鯖江市松成町3-73,35.958519,136.22563
福井県丹生郡越前町厨10-33,35.929317,135.998466
福井県福井市新保1丁目1613,36.079555,136.248587
福井県福井市高木中央2-4118,36.088706,136.237737
福井県吉田郡永平寺町東古市16-48,36.09916,136.324513
福井県福井市高柳3-3208,36.098198,136.240346
福井県南条郡南越前町大門10-3-1,35.749935,136.202977
福井県敦賀市木崎32-3-1,35.639476,136.046153
福井県越前市横市町1-5-5,35.908421,136.191784
福井県小浜市大手町7-36,35.496199,135.745845
福井県坂井市三国町宿3-7-22,36.223417,136.135785
福井県南条郡南越前町湯尾56-6-2,35.797455,136.195345
福井県福井市安田町82-1,36.063498,136.147663
福井県福井市東森田3丁目1601番地,36.118731,136.253043
福井県鯖江市本町2-1-8,-,-
福井県小浜市小浜酒井1-25,35.49486,135.744196
福井県坂井市丸岡町谷町2-34,36.148054,136.269911
福井県福井市順化1-18-8 開明ビル１F,36.065934,136.215976
福井県福井市春山2-25-1 みそ楽2F,36.07042,136.216122
福井県鯖江市長泉寺町1-9-15,35.953901,136.189084
福井県坂井市丸岡町南横地21-17,36.12619,136.251252
福井県越前市広瀬町132-28-1,35.889689,136.143898
福井県福井市高木2-901,36.094576,136.228705
福井県福井市南四ツ居1-1-36 URビル1F南,36.062275,136.24232
福井県敦賀市中央町1-13-21,35.643846,136.054533
福井県越前市蓬莱町3-25-1,35.902876,136.166284
福井県福井市渕2丁目1401,36.044156,136.188116
福井県福井市渕2-1401,36.041899,136.186749
福井県福井市文京3-1-29 杉森ビル1F,36.074462,136.213692
福井県福井市文京4-28-16,36.079766,136.207607
福井県福井市東森田2-108,36.117933,136.249454
福井県福井市渕町43-17,36.043417,136.194504
福井県坂井市坂井町上新庄13-8-15,36.163567,136.228157
福井県福井市大宮6-13-9,36.081195,136.197822
福井県三方上中郡若狭町井ノ口29-32-1,35.463622,135.852075
福井県敦賀市市野々町1-13,35.627823,136.050957
福井県福井市和田東2-1003,36.050238,136.247341
福井県大野市陽明町1丁目802-5,35.990443,136.495981
福井県坂井市丸岡町一本田中29-2-1 2F,36.153658,136.263796
福井県福井市北四ツ居1-26-19,36.065942,136.245585
福井県越前市中央2-6-13,35.90194,136.15467
福井県越前市粟田部町26-20,35.915648,136.23688
福井県越前市新在家町9-21-2,35.911481,136.244582
福井県鯖江市住吉町3-5-15,35.940524,136.179246
福井県敦賀市白銀町5-22 白銀ビル1F,-,-
福井県福井市高木中央3丁目314,36.088708,136.240113
福井県鯖江市神明町2-10-17,35.976487,136.184963
福井県越前市瓜生町5-1-1,35.930589,136.185782
福井県三方上中郡若狭町安賀里75-1-6,35.479905,135.894626
福井県福井市若杉3-910,36.051583,136.18804
福井県鯖江市新横江2-3-27-2,35.942287,136.198459
福井県丹生郡越前町織田85-54,35.958274,136.057736
福井県大野市弥生町3-2,35.982265,136.496561
福井県越前市沢町22,35.896689,136.15333
福井県坂井市丸岡町里丸岡3-10,36.142853,136.276784
福井県小浜市小浜白鬚113番地,35.495971,135.741623
福井県福井市中藤新保町14-1-24,36.105474,136.249801
福井県敦賀市谷25-2-4,35.635144,136.085929
福井県坂井市三国町山王3-5-26,36.208881,136.155136
福井県越前市千福町123,35.89316,136.15464
福井県福井市石盛町915-1,36.115968,136.219887
福井県敦賀市白銀町5-18,35.646188,136.073899
福井県小浜市阿納10-12,35.534789,135.785396
福井県越前市国府1-3-1 源ビル1F,-,-
福井県福井市福新町1913,36.049036,136.186615
福井県越前市小松2-21-40,35.909056,136.15584
福井県福井市八ツ島町31字宮島302-1,36.082531,136.204355
福井県福井市渕2-1807,36.041899,136.186749
福井県大飯郡高浜町宮崎63-24-1,35.486229,135.552432
福井県大野市有明町21-18,35.98155,136.503007
福井県吉田郡永平寺町市野々13-38-2,36.067434,136.331598
福井県福井市田原2丁目26-4,36.073432,136.216036
福井県福井市若杉4丁目702,36.057956,136.187225
福井県福井市南四ツ居1-21-11,36.062724,136.247198
福井県鯖江市旭町1-5-3,35.944913,136.187653
福井県坂井市丸岡町上竹田37-26-1,36.157839,136.333634
福井県福井市御幸4丁目10-6,36.054001,136.238974
福井県福井市学園2-11-20,36.069412,136.199376
福井県敦賀市本町1丁目7-27,35.65201,136.073219
福井県福井市品ヶ瀬町5-97,36.006577,136.358163
福井県坂井市三国町安島64-1-68,36.236871,136.127569
福井県勝山市遅羽町比島33-1,36.057212,136.492608
福井県あわら市春宮1-8-13,36.214153,136.234502
福井県大野市有明町19-14,35.984314,136.500992
福井県大野市東中町812,35.978004,136.502292
福井県越前市粟田部町29-36,35.916652,136.240421
福井県鯖江市桜町3-3-3,35.947092,136.18135
福井県大野市友江12-6,35.997117,136.499323
福井県鯖江市三六町1-14-6,35.97104,136.176299
福井県あわら市温泉5-1302 ハイム松月103号,36.227354,136.191677
福井県鯖江市吉谷町23-16,35.969872,136.219286
福井県越前市高瀬2-6-15,35.897854,136.159377
福井県越前市粟田部町29-38-2,35.916732,136.239965
福井県福井市豊島2-3-17,36.056656,136.222765
福井県小浜市小浜酒井1-52,35.49431,135.743826
福井県坂井市三国町北本町3-2-30,36.215785,136.146787
福井県鯖江市持明寺町10-19-3,35.958972,136.14651
福井県小浜市和多田31-9-3,35.425729,135.681929
福井県福井市東森田3-1815,36.117493,136.253733
福井県福井市文京6丁目35-18,36.078674,136.198611
福井県福井市南四ツ居1丁目1-2,36.062264,136.24214
福井県坂井市三国町安島64-1（東尋坊）,36.237658,136.125524
福井県坂井市丸岡町一本田31-10-1,36.147058,136.265309
福井県鯖江市幸町2-4-3 三好マンション202,-,-
福井県大野市日吉町13-4,35.982241,136.494496
福井県吉田郡永平寺町松岡上合月36-50,36.100343,136.296255
福井市問屋町3-201,36.053406,136.251313
福井県勝山市本町1丁目4-27,36.060994,136.497635
福井県三方上中郡若狭町三宅92-2-15,35.463096,135.856405
福井県大野市日吉町19-10,35.982119,136.495435
福井県越前市小松2丁目23-9,35.908453,136.156914
福井県福井市南四ツ居1-9-21,36.062298,136.245724
福井県敦賀市本町1丁目2-2 OKビル2F,-,-
福井県越前市稲寄町24-1-27,35.920406,136.188252
福井県越前市桂町5-10,35.905367,136.165131
福井県越前市村国3-17-5 YOU上の島1F,35.910361,136.177983
福井県勝山市本町2-5-2,36.059164,136.498239
福井県福井市経田1-1414,36.089349,136.220864
福井県大野市南六呂師169-136,36.020317,136.575879
福井県勝山市芳野町2-1-64,36.066467,136.500866
福井県福井市春山2-1-3 伊東ビル1F,36.067287,136.215161
福井県坂井市丸岡町山竹田70-4,36.166883,136.332204
福井県勝山市本町4丁目7-21,36.056988,136.49746
福井県あわら市二面5-208,36.222915,136.196768
福井県越前市粟田部町26-6,35.915928,136.237554
福井県福井市文京6-22-7,36.076596,136.21145
福井県福井市高木中央2丁目2901-1,36.091638,136.236288
福井県大飯郡おおい町成海1-8,35.481281,135.632235
福井県鯖江市柳町3丁目2-9,35.946341,136.191356
福井県大飯郡高浜町宮崎86-20-9,35.487894,135.547216
福井県福井市大願寺2-6-28,36.082954,136.230155
福井県福井市問屋町4丁目701番地,36.052341,136.254153
福井県吉田郡永平寺町東古市9-35-2,36.096721,136.32687
福井県福井市二の宮4-1-1 高橋ビル１F,36.083152,136.215308
福井県小浜市小浜竜田78,35.493666,135.741605
福井県越前市松森町15-4-23,35.880094,136.161022
福井県大飯郡高浜町和田133-9-2,35.49666,135.58208
福井県勝山市本町3丁目3-4,36.059164,136.498239
福井県吉田郡永平寺町松岡御公領503-2 医大前Ｋコーポ1F,-,-
福井県福井市西開発1-2404,36.076612,136.237832
福井県坂井市丸岡町新九頭竜1-242,36.117446,136.263704
福井県福井市日之出2-7-16,36.06191,136.226919
福井県鯖江市下河端町4-6-1,35.966373,136.188167
福井県福井市船橋黒竜1丁目206,-,-
福井県小浜市生守6-33-1 松山ビル2F,35.483265,135.754042
福井県敦賀市御名53-108-1,35.621013,136.049188
福井県勝山市本町2-2-27,36.059164,136.498239
福井県勝山市沢町1-4-21,36.064187,136.501974
福井県吉田郡永平寺町東古市16-42-1,36.098786,136.323946
福井県吉田郡永平寺松岡上合月2-66-1,36.103589,136.296797
福井県敦賀市本町1-2-12 越路ビル1F,35.651444,136.07361
福井県敦賀市本町1丁目14-27 アスナビル1Fの1号,35.652567,136.071869
福井県越前市北府2丁目15-13 石田ビル1Ｆ,-,-
福井県勝山市滝波町3丁目206,36.073506,136.49109
福井県鯖江市有定町2-4-28-2,35.944645,136.176213
福井県福井市足羽1-14-21,36.061472,136.207894
福井県勝山市本町2-6-21,36.059164,136.498239
福井県敦賀市余座13-1-1,35.650415,136.085463
福井県福井市二の宮3-1-11,36.083563,136.220221
福井県坂井市坂井町蔵垣内34-14-1,36.170923,136.221819
福井県越前市府中1-12-26,35.902406,136.169931
福井県大飯郡おおい町名田庄納田終109-6-1,35.395062,135.584691
福井県小浜市大手町5-20 七福タウン,35.496103,135.744943
福井県小浜市岡津44,35.481522,135.656088
福井県鯖江市丸山町1丁目2-4,35.978884,136.179585
福井県福井市四ツ井2-3-6,36.067898,136.235758
福井県福井市明里町11-10,36.06173,136.199258
福井県吉田郡永平寺町松岡兼定島11-50-2,36.108192,136.279665
福井県越前市桂町5-11,35.90542,136.165114
福井県越前市元町6-12,35.900363,136.165699
福井県鯖江市糺町25-12-2,35.973188,136.173654
福井県鯖江市水落町3丁目2-17,35.967952,136.183397
福井県敦賀市元町18-32,35.655712,136.071421
福井県大野市中狭3丁目1102,35.992644,136.501206
福井県勝山市滝波町4丁目1102,36.070907,136.487031
福井県南条郡南越前町牧谷29-8,35.832348,136.200703
福井県福井市今市町40-1-1 ハーモニーホール敷地内,36.014784,136.207328
福井県敦賀市金山89-3-6 三谷ビル101,-,-
福井県敦賀市若葉町2丁目407 Fビル2F,35.631645,136.053633
福井県福井市高木中央2-4109,36.08879,136.236518
福井県坂井市丸岡町石城戸町1-11,36.150161,136.271181
福井県吉田郡永平寺町吉波22-104,36.094361,136.358894
福井県福井市花月2-13-17,36.070565,136.209107
福井県大野市中保22-1-1,35.98886,136.509691
福井県福井市高木中央3-701,36.089716,136.24002
福井県福井市順化1-17-21 旭ビル1F,36.066378,136.215766
福井県三方上中郡若狭町三宅93-4-1,35.462987,135.858554
福井県鯖江市丸山町2-5-10,35.983383,136.181596
福井県大野市茜町205,35.971348,136.485735
福井県大野市南新在家26-101,36.012325,136.512929
福井県大野市弥生町7-20,35.980765,136.49637
福井県大野市錦町8-4,35.988603,136.491215
福井県敦賀市神楽町2-6-15,35.65356,136.067443
福井県大野市弥生町7-20 サミットビルPART2 2F,-,-
福井県福井市順化2-27-4,36.066706,136.212491
福井県丹生郡越前町乙坂39-1 ホームセンターヤマキシ朝日店内,35.990699,136.14868
福井県小浜市大手町5-8,35.49564,135.745103
福井県敦賀市蓬莱町14-9,35.657229,136.067199
福井県小浜市阿納12-65,35.534945,135.785112
福井県三方上中郡若狭町常神1-34,35.636954,135.820021
福井県大飯郡高浜町和田136-5-1,35.494772,135.582135
福井県大野市鍬掛17-17-1 VIO内,35.974078,136.479111
福井県勝山市郡町2-3-25,36.071648,136.502678
福井県福井市二の宮1-12-6,36.087765,136.227965
福井県小浜市福谷9-3,35.523537,135.751543
福井県大飯郡高浜町青戸3-1-84,35.48961,135.587834
福井県大野市蕨生136-6-1,35.972359,136.547674
福井県福井市文京2-17-34,36.079739,136.221188
福井県敦賀市木崎5-19-2,35.637404,136.048983
福井県敦賀市白銀町1-20,35.646023,136.075641
福井県大飯郡高浜町畑11-6-1,35.48832,135.536266
福井県福井市花月5-1-37 サンピア花月1F,36.070917,136.204315
福井県小浜市小浜竜田6,35.494032,135.742745
福井県大飯郡高浜町畑11,35.488603,135.535523
福井県越前市小松2-3-22,35.905857,136.157307
福井県丹生郡越前町玉川19-20,35.968548,135.968672
福井県丹生郡越前町織田42-甲6,35.959125,136.058645
福井県福井市若杉4-911,36.056102,136.185988
福井県敦賀市本町1-1-26,35.65386,136.074356
福井県鯖江市二丁掛町1-6-35,35.951451,136.159153
福井県大飯郡高浜町宮崎21-2,35.487945,135.547622
福井県福井市乾徳2-5-6,36.073064,136.210016
福井県福井市二の宮4-26-14,36.08557,136.213934
福井県吉田郡永平寺町松岡神明1-150,36.093789,136.301777
福井県鯖江市桜町2-7-1 嚮陽会館内,35.947564,136.179277
福井県敦賀市昭和町1-7-2,35.643622,136.062115
福井県敦賀市本町1-10-30,35.653445,136.072632
福井県敦賀市昭和町2-10-2,35.642234,136.061718
福井県福井市花堂南2-10-27,36.035735,136.208275
福井県大飯郡高浜町宮崎75 ホテルウェーブ1F,35.488596,135.548681
福井県敦賀市清水町1-18,35.65371,136.075846
福井県勝山市本町1-6-29,36.061419,136.496537
福井県敦賀市金山72-3,35.626268,136.033452
福井県坂井市春江町西長田47-24-4,36.158056,136.202643
福井県鯖江市水落町8-6,35.9606,136.175091
福井県福井市中央1-1-1 JR福井駅構内,36.062029,136.223132
福井県大飯郡高浜町日引25-7,35.540795,135.473147
福井県敦賀市本町1-5-8,35.651705,136.074523
福井県敦賀市本町1-9-15 UPビル2F,-,-
福井県福井市みのり4-14-8,36.048415,136.205464
福井県小浜市西小川9-7,35.54694,135.77226
福井県小浜市駅前町9-15 五番街ビル7F,-,-
福井県小浜市阿納7-48,35.535437,135.784927
福井県福井市足羽1-8-43,36.057796,136.208514
福井県福井市西方1-10-6,36.053046,136.235348
福井県福井市二の宮1-6-20,36.085912,136.228789
福井県小浜市大手町3-1 小林ビル1F,-,-
福井県福井市日光2-25-7 吉川総業ビル,36.071137,136.199869
福井県福井市つくも1-5-28,36.061863,136.211484
福井県福井市西木田1-17-16,36.055117,136.215147
福井県小浜市小浜広峰59,35.495136,135.7442
福井県敦賀市和久野7-21,35.626694,136.059134
福井県福井市成和1-3109,36.052544,136.242753
福井県大飯郡高浜町田ノ浦1-1 高浜発電所協力会社B棟1F,35.521594,135.51094
福井県大飯郡高浜町事代1-57,35.491951,135.552137
福井県敦賀市栄新町3-14,35.658592,136.076349
福井県福井市文京5-13-38 ハイシティ文京1F,36.077012,136.206934
福井県敦賀市呉竹町2-9-15,35.64901,136.057662
福井県福井市月見1-12-26,36.045283,136.215435
福井県大飯郡高浜町紫水ケ丘1-1-80,35.48735,135.567604
福井県越前市本多1-10-3,35.905923,136.16363
福井県小浜市小浜白鳥27-3,35.493277,135.737312
福井県福井市花堂南1-8-5,36.033849,136.215232
福井県越前市押田1-2-27,35.907346,136.185295
福井県鯖江市吉江町512,35.984783,136.174375
福井県敦賀市本町1-7-35,35.651973,136.073443
福井県小浜市小浜香取107,35.492283,135.734666
福井県福井市大宮1-7-2,36.081735,136.224487
福井県福井市文京2-2-15,36.075467,136.217622
福井県福井市幾久町8-3,36.081724,136.226433
福井県吉田郡永平寺町東古市13-26,36.098396,136.325901
福井県小浜市宇久6-9,35.546198,135.753487
福井県丹生郡越前町厨7-30-1,35.931168,135.998292
福井県あわら市二面48-14,36.229469,136.194118
福井県大飯郡高浜町薗部61-5,35.489034,135.557888
福井県勝山市荒土町松田30-20,36.079342,136.475184
福井県鯖江市下河端町16字下町16-1,35.968667,136.19055
福井県福井市若杉4-710,36.057377,136.18728
福井県敦賀市鞠山95-4 ターミナル2F,35.67861,136.072382
福井県坂井市三国町山王2-9-39,36.209474,136.153216
福井県越前市新町2-17-2,35.906165,136.153914
福井県越前市東千福町17-7,35.888907,136.158998
福井県鯖江市有定町1-1010,35.947189,136.176552
福井県坂井市丸岡町朝陽2-204-1,36.157173,136.26408
福井県福井市花堂中2-27-8,36.036036,136.213378
福井県吉田郡永平寺町荒谷24-7-1,36.065014,136.34016
福井県坂井市春江町藤鷲塚39-14-1 堀川ビル201,-,-
福井県あわら市二面1-906,36.226048,136.197562
福井県福井市羽水3-104,36.038203,136.229587
福井県あわら市大溝2-31-1,36.209144,136.225947
福井県南条郡南越前町東大道12-16-6,35.838735,136.191025
福井県坂井市春江町随応寺114,36.133071,136.220161
福井県鯖江市有定町2-3-2,35.945291,136.17607
福井県勝山市旭町2-755,36.052003,136.513199
福井県吉田郡永平寺町松岡平成191-8,36.109921,136.281901
福井県福井市羽水2-717,36.039655,136.230656
福井県福井市春山2-1-7,36.067336,136.214828
福井県南条郡南越前町湯尾19-23-3,35.801932,136.192726
福井県福井市三万谷町67-34,36.017404,136.320725
福井県越前市文京1-6-32,35.891399,136.160358
福井県敦賀市松葉町33-3-2,35.652139,136.045388
福井県福井市大手3-12-20 ホテルフジタ2F,36.064477,136.217883
福井県鯖江市小泉町26-7,35.97086,136.160671
福井県南条郡南越前町今庄83-3-1,35.771405,136.199979
福井県福井市二の宮4-26-24,36.085709,136.21463
福井県三方上中郡若狭町遊子11-10,35.603146,135.854956
福井県大飯郡おおい町野尻21-28-1,35.459238,135.615168
福井県坂井市三国町運動公園2-1201,36.228211,136.150137
福井県大飯郡高浜町宮崎75-6-5,35.48832,135.548507
福井県福井市二の宮4-4-4,36.083062,136.210745
福井県小浜市駅前町7-3,35.492537,135.745774
福井県福井市両橋屋町23-40,36.143462,136.087457
福井県福井市板垣1-525 サンパーラ板垣ビル,36.049813,136.229125
福井県吉田郡永平寺町志比24-6,36.055559,136.352506
福井県福井市東郷二ケ町27-12,36.016033,136.272654
福井県小浜市阿納12-73,35.534746,135.785075
福井県鯖江市幸町2-5-28,35.977554,136.18196
福井県三方上中郡若狭町常神1-59,35.637177,135.82028
福井県福井市御幸3-1109,36.055908,136.235801
福井県鯖江市神明町2-8-4 三六温泉 神明苑内,35.972329,136.183138
福井県坂井市三国町緑ヶ丘4-1-46,36.220713,136.153141
福井県坂井市三国町宿3-7-25,36.223316,136.136006
福井県福井市大宮5-6-18,36.080754,136.202027
福井県敦賀市本町1-13-3,35.652332,136.071877
福井県小浜市生守44-3,35.47998,135.757411
福井県鯖江市水落町1-14-13,35.959075,136.175975
福井県敦賀市木崎20向河原1-1,35.642861,136.048589
福井県あわら市吉崎1-101-1,36.288339,136.250701
福井県越前市幸町5-8,35.904041,136.165798
福井県あわら市自由ヶ丘2-4-20,36.216735,136.236474
福井県敦賀市本町1-9-18,35.653646,136.073489
福井県福井市二の宮5-18-24,36.087845,136.208025
福井県南条郡南越前町湯尾96-19,35.791384,136.202634
福井県敦賀市若葉町2-1407,35.63314,136.0501
福井県敦賀市衣掛町502,35.630268,136.073908
福井県越前市国府2-5-2,35.906449,136.166252
福井県福井市西谷2-2703,36.039537,136.201406
福井県福井市経田2-301-2 フェルティビル1F 102,36.088133,136.218046
福井県敦賀市津内町1-14-7,35.65175,136.068859
福井県敦賀市蓬莱町14-16,35.657178,136.066958
福井県勝山市鹿谷町保田98-7-2,36.071753,136.465109
福井県三方郡美浜町日向61-1-155,35.600794,135.894115
福井県福井市高木中央1-205,36.092852,136.232026
福井県福井市文京4-2-3,36.07421,136.211476
福井県あわら市温泉5-303,36.22618,136.191775
福井県鯖江市有定町3-501,35.948449,136.175909
福井県越前市神明町1-41,35.899669,136.168378
福井県鯖江市吉江町15-72-6,35.988872,136.173902
福井県福井市高木中央1-3102,36.088527,136.233404
福井県敦賀市呉竹町2-13-20,35.647183,136.05652
福井県福井市宝永1-14-22,36.069289,136.228955
福井県坂井市春江町針原21-49-7 Kテナントビル,36.121686,136.201154
福井県坂井市丸岡町一本田五字北尻64,-,-
福井県福井市日之出1-13-1,36.064524,136.227411
福井県敦賀市白銀町1-22,35.645921,136.075519
福井県敦賀市白銀町7-18,35.647277,136.072911
福井県小浜市大手町5-3,35.495652,135.74464
福井県福井市経田2-101,36.088168,136.220302
福井県大飯郡高浜町畑11-15-4,35.488603,135.535523
福井県敦賀市本町1-4-13 カワセビル1F,-,-
福井県福井市菅谷1-1-22 福井アカデミアホテル1F,36.071299,136.195717
福井県福井市二の宮3-5-1,36.083657,136.215947
福井県大飯郡高浜町宮崎第77-1-8 若狭高浜駅内,35.486411,135.547623
福井県敦賀市松島130-170-12,35.654651,136.052745
福井県福井市越前市天王町2-6,35.900906,136.16782
福井県敦賀市白銀町1-10,35.645895,136.076499
福井県勝山市元町1-14-21,36.058337,136.502217
福井県丹生郡越前町厨26-13-1,35.925242,135.998565
福井県越前市桂町3-15,35.90557,136.164434
福井県福井市光陽2-1808,36.066022,136.199282
福井県福井市文京1-35-11,36.078951,136.225081
福井県越前市蓬莱町6-16 アークビル1F,-,-
福井県福井市石盛町523,36.115908,136.221693
福井県敦賀市三島32-4-12,35.649024,136.064667
福井県福井市末広町15-8-5,35.99034,136.20049
福井県鯖江市有定町3-2-9,35.948194,136.176531
福井県敦賀市神楽2-3-21,35.65351,136.069381
福井県大野市陽明町2-209,35.9907,136.497398
福井県越前市高瀬1-18-9,35.896445,136.159865
福井県福井市御幸1-1-9,36.059699,136.229936
福井県あわら市温泉3-608,36.224576,136.192196
福井県越前市五分市町5-18-1,35.891119,136.231349
福井県丹生郡越前町梅浦58-11,35.954058,135.982551
福井県敦賀市本町1-2-40,35.653444,136.073918
福井県越前市押田1-4-7,35.907402,136.186347
福井県越前市日野美1-3-23,35.899071,136.155149
福井県坂井市春江町江留上緑8-6,36.124456,136.222371
福井県福井市成和1-909,36.057737,136.24225
福井県越前市北府3-3-27,35.910083,136.165072
福井県福井市学園3-6-1 福井工業大学2号館B1,36.068982,136.195913
福井県福井市順化2-20-9 中村ビル2F,36.065948,136.214575
福井県敦賀市元町10-4,35.656125,136.073293
福井県敦賀市本町1-5-8 シルクライトコート4H,-,-
福井県丹生郡越前町小曽原7-7-1,35.932542,136.060586
福井県小浜市駅前町2-1 Ｎビル1F,-,-
福井県敦賀市白銀町11-5 アル・プラザ敦賀店6F,35.648405,136.07155
福井県越前市姫川2-3-39,35.896571,136.171547
福井県三方上中郡若狭町能登野34-39,35.515221,135.905733
福井県越前市京町1-1-2,35.90307,136.165283
福井県福井市西谷3-1302,36.039526,136.197753
福井県福井市渕4-2005,36.047244,136.180405
福井県福井市豊島2-3-3,36.057552,136.222579
福井県福井市田原1-1-3,36.070855,136.217728
福井県福井市花堂南2-12-1,36.035156,136.209891
福井県福井市順化1-7-8 エドモンド片町4F,36.064429,136.214932
福井県坂井市三国町三国東5-1-36,36.209867,136.159741
福井県福井市文京5-14-3,36.076801,136.206423
福井県鯖江市下河端町6-15-5,35.964182,136.188847
福井県越前市押田1-3-25,35.907499,136.185706
福井県今立郡池田町稲荷34-24-1,35.89,136.343371
福井県越前市蓬莱町3-23,35.902596,136.166147
福井県越前市北府町3-3-2,-,-
福井県坂井市三国町神明2-6-27,36.217196,136.145117
福井県今立郡池田町稲荷10-36-1,35.885567,136.34332
福井県越前市若竹町11-24,35.893337,136.166508
福井県今立郡池田町板垣51-13-3,35.882811,136.3293
福井県坂井市春江町西太郎丸5-6-1,36.132582,136.205655
福井県今立郡池田町野尻11-3 わくラボ内,35.919861,136.352176
福井県鯖江市水落町1-14-9,35.959257,136.176202
福井県小浜市駅前町6-2,35.492505,135.745232
福井県勝山市元町1-11-17,36.059682,136.504118
福井県勝山市沢町1-6-9,36.064397,136.500015
福井県福井市志比口2-4-1,36.07069,136.235227
福井県敦賀市清水町1-18-9,35.653566,136.075418
福井県越前市平出2-4-11,35.909474,136.158771
福井県福井市勝見3-3-14,36.055313,136.230405
福井県三方上中郡若狭町常神5-2-1,35.635558,135.828402
福井県三方上中郡若狭町世久見39-11-1,35.561336,135.836381
福井県坂井市三国町神明2-1-2,36.217133,136.145898
福井県勝山市長山町1-5-50,36.068456,136.506463
福井県福井市順化2-20-13 友邦ビル3F,36.06601,136.214902
福井県越前市村国3-17-5 You上の島ビル1-E,-,-
福井県敦賀市清水町1-20-17-1 Himeビル1F,-,-
福井県福井市日光2-8-13,36.072849,136.202082
福井県勝山市沢町1-7-22,36.063926,136.499665
福井県鯖江市三六町2-502,35.973187,136.178949
福井県越前市葛岡町13-8-1,35.902001,136.19731
福井県小浜市大手町9-2 末広ビル1F,-,-
福井県福井市若杉3-1705,36.053891,136.188644
福井県越前市国高2-42-7,35.90847,136.189244
福井県福井市花堂東2-414,36.041599,136.222081
福井県福井市下馬3-418,36.038119,136.231548
福井県坂井市丸岡町霞町3-1-3 一筆啓上茶屋内,36.152832,136.273471
福井県福井市米松1-15-22,36.066966,136.241904
福井県あわら市温泉4-305,36.224751,136.193691
福井県小浜市小浜白鬚111-1 小浜市まちの駅,35.495007,135.741647
福井県鯖江市三六町1-14-7,35.970865,136.17622
福井県鯖江市河和田町24-13,35.946833,136.267999
福井県福井市大願寺1-4-17,36.082336,136.23195
福井県福井市西谷2-2307-1,36.040006,136.202408
福井県福井市春日3-916-1,36.050777,136.226568
福井県鯖江市小黒町3-901,35.95636,136.173755
福井県越前市桂町4-9,35.905567,136.164826
福井県福井市順化2-20-17 セレクトシティ片町3F,36.065928,136.215085
福井県越前市桂町4-11,35.905548,136.16496
福井県敦賀市清水町1-21-18 三宅ビル2F,-,-
福井県丹生郡越前町玉川41-2-1,35.970283,135.966754
福井県丹生郡越前町玉川39-22,35.969006,135.968559
福井県丹生郡越前町米ノ71-49-17,35.888225,135.995088
福井県福井市北四ツ居2-1-5,36.066053,136.242398
福井県三方郡美浜町日向13-72,35.604395,135.895645
福井県福井市二の宮3-23-32,36.085753,136.217645
福井県越前市府中1-13-7 越前市役所1F,35.903891,136.168804
福井県敦賀市清水町1-22-20,35.652001,136.074849
福井県福井市文京6-14-28,36.075399,136.197745
福井県鯖江市本町2-1-25,35.945533,136.186042
福井県越前市国府1-10-25,35.906071,136.167035
福井県福井市御幸3-9-7,36.057283,136.235645
福井県福井市茱崎町13-23-19,36.042775,136.012141
福井県勝山市元町2-13-32,36.05748,136.503783
福井県あわら市温泉1-210,36.224243,136.193155
福井県福井市上東郷町22-7,36.012903,136.261111
福井県勝山市滝波町2-304-1,36.073054,136.493581
福井県越前市北府2-15-15,35.916376,136.16698
福井県福井市福1-1609,36.046909,136.188608
福井県越前市葛岡町13-8-4,35.901978,136.197114
福井県敦賀市本町1-10-4,35.653314,136.0728
福井県鯖江市住吉1-1-20,35.943676,136.182218
福井県敦賀市清水町1-18-9 神原ビル2F,35.653526,136.075613
福井県大野市春日3-19-9,35.97287,136.498745
福井県越前市村国1-14-2,35.902043,136.176038
福井県越前市北府2-15-13,35.916183,136.166937
福井県三方郡美浜町郷市13-2-1,35.604233,135.937369
福井県敦賀市呉竹町2-5-25,35.646278,136.056489
福井県敦賀市清水町1-19-11,35.653031,136.075231
福井県三方上中郡若狭町熊川12-16-1,35.441483,135.906312
福井県福井市月見3-2-28,36.047784,136.208162
福井県坂井市三国町浜地先 浜地海水浴場内,36.249736,136.161457
福井県福井市春山1-7-12 エレガント春山1F,36.070055,136.217502
福井県福井市開発4-407-1,36.084659,136.238136
福井県越前市北府2-15-15 北府ビル,35.916389,136.166977
福井県越前市京町1-1-20,35.90182,136.16511
福井県鯖江市本町2-1-22,35.945955,136.186148
福井県福井市上野町10-23,36.140446,136.14483
福井県南条郡南越前町河野2-16,35.826245,136.067934
福井県南条郡南越前町河野19-6,35.822907,136.072664
福井県南条郡南越前町甲楽城12-35,35.837108,136.05278
福井県南条郡南越前町糠106-1-3,35.853895,136.034865
福井県南条郡南越前町糠12-31,35.849181,136.040897
福井県南条郡南越前町糠222-29,35.863361,136.023174
福井県丹生郡越前町午房ケ平19鎌岩34,-,-
福井県南条郡南越前町糠長島106-1-6,35.854057,136.034554
福井県南条郡南越前町糠106-1-26,35.854758,136.033967
福井県南条郡南越前町甲楽城7-33-2,35.84169,136.047322
福井県丹生郡越前町米ノ62-52-2,35.883633,135.999558
福井県福井市米松1-9-7 パークサイド吉川101,36.064488,136.239755
福井県勝山市元町3-6-23,36.053809,136.505733
福井県勝山市郡町1-264,36.069887,136.495084
福井県小浜市小浜酒井1-12,35.494175,135.743543
福井県敦賀市白銀町7-7,35.646759,136.073862
福井県あわら市温泉3-803,36.223472,136.191123
福井県越前市横市町5-6,35.91171,136.191293
福井県敦賀市呉羽町2,35.640657,136.055427
福井県小浜市駅前町2-4 Ｎビル2F,-,-
福井県勝山市芳野町1-4-9,36.065387,136.502016
福井県鯖江市神中町2-9-24,35.970232,136.191789
福井県敦賀市古田刈28-1-1,35.633752,136.062431
福井県小浜市遠敷8-702-4,35.482664,135.776945
福井県敦賀市櫛川93-304,35.648855,136.045038
福井県福井市二の宮2-201-1,36.085476,136.223576
福井県福井市米松1-1604,36.064331,136.239602
福井県福井市宝永4-8-1,36.068643,136.219317
福井県丹生郡越前町米ノ71-49-37,35.88837,135.9951
福井県丹生郡越前町厨17-51-2,35.97517,136.129239
福井県小浜市和久里11石塔前22,35.487886,135.759557
福井県敦賀市木崎12,35.640553,136.048759
福井県福井市江守中1-1810,36.036362,136.194236
福井県福井市文京5-15-29,36.076249,136.203656
福井県敦賀市白銀町13-39,35.647534,136.071635
福井県福井市若杉2-1540,36.055983,136.189508
福井県鯖江市糺町33-1-9,35.97407,136.176122
福井県丹生郡越前町梅浦114-92-1,35.957235,135.977677
福井県福井市二の宮2-8-16,36.08506,136.224475
福井県越前市新町3-3-13,35.901152,136.153153
福井県今立郡池田町土合皿尾4-5-9,35.865044,136.361457
福井県福井市下馬3-1504,36.041315,136.234162
福井県坂井市丸岡町猪爪1-314,36.143503,136.275948
福井県鯖江市河和田町17-3-1,35.951742,136.270972
福井県福井市石盛2-2005,36.117037,136.232786
福井県福井市照手2-1-11,36.065423,136.209076
福井県福井市照手1-11-12 コーポ南部1F,36.066825,136.210268
福井県越前市北府3-27 八田ビル1F,-,-
福井県鯖江市神中町2-57,35.973011,136.191977
福井県敦賀市神楽町1-1-11,35.6543,136.07225
福井県越前市上太田町29-7-1,35.906308,136.149704
福井県大飯郡高浜町和田118-30-1 カミヤビル1F,35.491664,135.578071
福井県丹生郡越前町厨71-355-1,35.922155,135.997871
福井県敦賀市相生町21-3,35.656487,136.066372
福井県鯖江市西袋町40-1-2 うるしの里会館内,35.953087,136.274222
福井県大飯郡高浜町安土2-1-2,35.494106,135.58267
福井県敦賀市本町1-14-27,35.652608,136.071877
福井県越前市吾妻町5-13,35.899877,136.168606
福井県大野市弥生町7-20 サミットビルPART2,-,-
福井県坂井市丸岡町猪爪3-201,36.146264,136.273687
福井県福井市順化2-20-14 ワコーKプラザビル1F,-,-
福井県越前市沢町240,35.897104,136.148462
福井県丹生郡越前町小樟3-81,35.942796,135.988567
福井県勝山市郡町1-2-52,36.069429,136.497072
福井県越前市沢町142-1,35.896094,136.151872
福井県福井市加茂河原1-5-12,36.05951,136.196357
福井県鯖江市北野町16-1,35.968345,136.170646
福井県三方上中郡若狭町井崎59-20-2,35.509935,135.901207
福井県越前市宮谷町63-60,35.886286,136.222498
福井県福井市順化2-12-19 プラチナビル4F 402,36.06469,136.214692
福井県越前市桂町4-10,35.905501,136.164877
福井県敦賀市昭和町1-21-28 サーマルビル1F-A,-,-
福井県福井市大宮1-11-27 清水ビル1F,36.083617,136.22583
福井県福井市大和田2-401,36.095284,136.247577
福井県福井市二の宮2-8-75,36.084678,136.226398
福井県丹生郡越前町厨7-13,35.929576,135.998747
福井県丹生郡越前町米ノ62-69-2,35.884994,135.99806
福井県福井市二の宮2-803-1,36.085476,136.223576
福井県敦賀市白銀町7-6 栗田ビル1F,35.646693,136.074002
福井県福井市宝永4-13-18,36.069279,136.221132
福井県福井市宝永4-4-15,36.067568,136.219261
福井県三方上中郡若狭町世久見15-10,35.564802,135.842941
福井県丹生郡越前町玉川19-17,35.968756,135.968697
福井県鯖江市東米岡1-3-11,35.985916,136.183109
福井県越前市府中1-12-18,35.904236,136.169647
福井県三方上中郡若狭町遊子10-5,35.603201,135.855623
福井県三方上中郡若狭町世久見40-3,35.560462,135.83984
福井県大野市元町6-9,35.985017,136.489721
福井県福井市宝永3-7-16,36.067894,136.222601
福井県福井市大宮2-22-20,36.083523,136.224926
福井県坂井市春江町藤鷲塚40,36.142115,136.219225
福井県三方上中郡若狭町世久見5-6-2,35.571665,135.850339
福井県越前市桂町4-8,35.905481,136.164807
福井県福井市西谷1-1201,36.038493,136.207645
福井県敦賀市清水町18-9 神原ビル1F,35.653609,136.075459
福井県坂井市三国町新保97-23-38,36.203059,136.139286
福井県あわら市温泉5-1302,36.227354,136.191677
福井県鯖江市水落町2-5-38,35.96088,136.185721
福井県丹生郡越前町玉川39-50-1,35.969461,135.967758
福井県敦賀市本町1-1-9 ニュー東京ビル2F,-,-
福井県敦賀市本町1-4-1 プリモールビル2F,-,-
福井県丹生郡越前町新保12-57-5,35.949329,135.986744
福井県丹生郡越前町厨70-181-1,35.912174,135.996177
福井県福井市大和田2-1212,36.095594,136.249634
福井県南条郡南越前町今庄85-2-18,35.772869,136.200738
福井県越前市池泉町19-10-1,35.887885,136.235564
福井県敦賀市新松島町1306,35.647729,136.053341
福井県福井市舞屋町7-3,36.035025,136.202092
福井県越前市高瀬1-25-18,35.893609,136.159198
福井県越前市新町3-1,35.906639,136.154001
福井県福井市若杉4-305,36.058177,136.186615
福井県坂井市三国町安島24-83,36.248162,136.124174
福井県福井市二の宮3-2-14,36.08331,136.218226
福井県福井市幾代2-1504 ヴィライン二ノ宮1F,36.088013,136.225429
福井県勝山市元町1-7-28 勝山サンプラザ1F,36.060706,136.502707
福井県福井市大和田2-1230 アピタ福井大和田店2F,36.096918,136.250414
福井県坂井市春江町江留上錦25-1,36.123989,136.217751
福井県福井市順化1-10-3 寿々屋第二ビル2F,36.063716,136.216712
福井県福井市大手3-5-18 油田ビル1F,36.063452,136.219134
福井県越前市横市町34-14-1 2F,35.906944,136.191863
福井県越前市横市町28-14-1 武生楽市2F,35.907026,136.193227
福井県丹生郡越前町梨子ケ平2,35.992288,135.965886
福井県敦賀市若葉町2-407,35.631645,136.053633
福井県福井市和田2-101,36.051708,136.243211
福井県越前市芝原3-4-19,35.916635,136.156707
福井県鯖江市三六町1-13-8,35.969917,136.176009
福井県敦賀市本町1-9-7,35.653528,136.073666
福井県福井市日光2-13-14,36.073416,136.198022
福井県福井市大和田2-1230 アピタ福井大和田店1F シネマ棟,36.096918,136.250414
福井県福井市毛矢1-7-22,36.056698,136.215115
福井県越前市芝原5-14-54,35.924636,136.161654
福井県敦賀市中央1-8-14,35.643365,136.057383
福井県三方郡美浜町大薮30-1,35.595967,135.91981
福井県福井市宝永4-6-25,36.068123,136.221102
福井県鯖江市日の出町2-1,35.943079,136.187857
福井県鯖江市神中町2-3-51,35.970071,136.190872
福井県福井市南四ツ居1-913,36.07051,136.251542
福井県坂井市三国町宿3-1-34,36.225663,136.138488
福井県福井市大和田2-202 opmビル102,36.096142,136.246934
福井県越前市高瀬1-20-23,35.896068,136.160483
福井県福井市八重巻町306-1 102号,36.115143,136.220578
福井県福井市真木町137-11,35.998338,136.195377
福井県福井市学園2-10-16,36.070723,136.197851
福井県今立郡池田町稲荷18-4-1,35.886806,136.342422
福井県福井市開発5-1207,36.086372,136.244966
福井県福井市米松1-15-28,36.066863,136.241678
福井県福井市新田塚1-25-1,36.089341,136.208687
福井県福井市大和田2-518,36.096676,136.247952
福井県福井市宝永1-37-21,36.070787,136.230194
福井県福井市大手3-5-15 油田ビルB1F,36.063442,136.219156
福井県福井市江端町32-92,36.028033,136.209701
福井県三方郡美浜町金山37-28,35.600936,135.927219
福井県三方郡美浜町久々子20-1-3,35.606064,135.916281
福井県敦賀市白銀町5-26,35.645928,136.074523
福井県鯖江市新横江1-2-207,35.942752,136.196189
福井県福井市足羽1-8-45,36.057718,136.208549
福井県丹生郡越前町中8-2-3,35.961159,136.053402
福井県丹生郡越前町血ヶ平25-2,35.982142,135.961033
福井県福井市大宮6-5-19,36.080432,136.197795
福井県福井市花堂北1-7-4,36.04122,136.21699
福井県敦賀市野坂15柳谷1-1,-,-
福井県敦賀市木崎45-20-1,35.645669,136.040118
福井県越前市押田1-4-6,35.907364,136.18622
福井県敦賀市本町1-12-13,35.65133,136.071654
福井県敦賀市新松島町3-12,35.64668,136.05593
福井県敦賀市昭和町2-22-31,35.641654,136.059395
福井県三方上中郡若狭町熊川39-5-3,35.443193,135.901596
福井県福井市文京3-24-5 城戸ビル1F,36.079251,136.209523
福井県福井市文京3-24-5 城戸ビル2F,36.079217,136.209524
福井県福井市下馬3-1302,36.040857,136.233236
福井県福井市宝永1-16-6,36.068351,136.229558
福井県大野市高砂町17-2 待合室ビル1F,35.981109,136.49241
福井県福井市つくも2-1-22,36.062583,136.210503
福井県越前市押田2-9-1,35.907809,136.188709
福井県鯖江市北野町18-12-1,35.970583,136.175221
福井県小浜市小浜広峰32-1,35.495597,135.742928
福井県福井市みのり3-11-15,36.048406,136.212842
福井県鯖江市有定町2-405,35.944222,136.176275
福井県越前市府中2-3-23,35.905051,136.169152
福井県越前市村国2-5-52,35.90854,136.176196
福井県福井市大島町堂畑102-1,-,-
福井県鯖江市横江町2-302,35.941482,136.191703
福井県鯖江市新横江2-2-1,35.942879,136.197587
福井県福井市月見4-1-30,36.047932,136.206349
福井県敦賀市神楽町1-2-39,35.653874,136.072567
福井県福井市木田町1713,36.04614,136.219798
福井県福井市花堂南2-5-6,36.035503,136.211862
福井県大野市鍬掛17-17-1 VIO内フードコート,35.974078,136.479111
福井県鯖江市東鯖江1-109,35.944809,136.195347
福井県敦賀市本町1-7-3,35.651846,136.073638
福井県勝山市郡町2-6-26,36.072868,136.498453
福井県敦賀市本町2-7-14,35.648551,136.072557
福井県福井市大和田2-418 エルパプラス3F,36.094653,136.248853
福井県福井市下馬1-1102,36.044535,136.237387
福井県南条郡南越前町湯尾30-17,35.802258,136.194003
福井県小浜市小浜塩竈35-1,35.498528,135.742095
福井県越前市国高2-43-7-1,35.909597,136.188432
福井県敦賀市本町1-15-23,35.653471,136.072175
福井県敦賀市清水町1-21-6,35.652203,136.075366
福井県福井市グリーンハイツ4-180,36.043786,136.165491
福井県越前市村国1-5-29,35.905674,136.179549
福井県福井市運動公園1-1115,36.05382,136.180077
福井県福井市渕2-1006,36.042377,136.187947
福井県丹生郡越前町中7-1-1,35.962062,136.053436
福井県福井市開発4-401-1,36.084718,136.238529
福井県福井市江守中2-601,36.038101,136.199453
福井県越前市府中1-14-23,35.904303,136.169288
福井県小浜市駅前町2-5,35.492465,135.744806
福井県越前市宮谷町31-6,35.893529,136.222096
福井県鯖江市舟津町1-6-1,35.935259,136.186316
福井県鯖江市桜町2-2-11,35.944212,136.179642
福井県丹生郡越前町織田98-24,35.957195,136.05606
福井県福井市成和1-1009-1,36.056613,136.242261
福井県鯖江市東鯖江1-4-21,35.945343,136.196175
福井県鯖江市上野田町4-45,35.942926,136.149305
福井県鯖江市旭町2-2-4,35.945165,136.187253
福井県鯖江市本町1-4-10,35.945168,136.184441
福井県鯖江市丸山町2-7-13,35.983763,136.183545
福井県福井市順化2-22-1 寺本ビル201,-,-
福井県福井市下馬3-1507-1,36.041211,136.234529
福井県福井市江守中1-1809,36.036262,136.194003
福井県福井市花堂南2-1-6,36.035158,136.213254
福井県越前市真柄町7-37,35.905413,136.207274
福井県鯖江市東鯖江1-112,35.944572,136.194637
福井県鯖江市神明町3-10-20,35.977819,136.182815
福井県越前市芝原5-3-8,35.920752,136.158999
福井県福井市田原1-12-7,36.074086,136.216525
福井県小浜市駅前町19-40 ニュー五番街3F,35.492222,135.747953
福井県敦賀市清水町1-19-10 千年ビル1F,-,-
福井県福井市開発1-127,36.075099,136.238975
福井県福井市新保1-1613,36.079555,136.248587
福井県福井市東森田3-1601,36.118731,136.253043
福井県三方上中郡若狭町成出22-1-1,35.557971,135.882583
福井県福井市順化1-18-8 開明ビル1F,36.065934,136.215976
福井県福井市日之出5-14-10,36.066487,136.233764
福井県大野市陽明町1-802-5,35.990443,136.495981
福井県福井市高木中央3-314,36.088708,136.240113
福井県小浜市小浜白鬚113,35.495971,135.741623
福井県三方上中郡若狭町鳥浜127-13-4,35.560039,135.890803
福井県丹生郡越前町織田98-10-4,35.95794,136.056328
福井県福井市田原2-26-4,36.073432,136.216036
福井県福井市若杉4-702,36.057956,136.187225
福井県福井市御幸4-10-6,36.054001,136.238974
福井県敦賀市本町1-7-27,35.65201,136.073219
福井県三方上中郡若狭町熊川39-11-1,35.443561,135.9013
福井県丹生郡越前町織田98-1,35.958475,136.055934
福井県福井市西木田1-17-24,36.055239,136.215428
福井県福井市文京6-35-18,36.078674,136.198611
福井県福井市南四ツ居1-1-2,36.062264,136.24214
福井県福井市問屋町3-201,36.053406,136.251313
福井県勝山市本町1-4-27,36.060994,136.497635
福井県越前市小松2-23-9,35.908453,136.156914
福井県敦賀市本町1-2-2 OKビル2F,-,-
福井県丹生郡越前町玉川39-41,35.969047,135.968005
福井県勝山市本町4-7-21,36.056988,136.49746
福井県福井市高木中央2-2901-1,36.091638,136.236288
福井県鯖江市柳町3-2-9,35.946341,136.191356
福井県福井市問屋町4-701,36.052341,136.254153
福井県福井市二の宮4-1-1 高橋ビル1F,36.083152,136.215308
福井県勝山市本町3-3-4,36.05865,136.49837
福井県福井市船橋黒竜1-206,-,-
福井県敦賀市本町1-14-27 アスナビル1F 1号,-,-
福井県越前市北府2-15-13 石田ビル1Ｆ,-,-
福井県勝山市滝波町3-206,36.073506,136.49109
福井県鯖江市丸山町1-2-4,35.978884,136.179585
福井県鯖江市水落町3-2-17,35.967952,136.183397
福井県大野市中狭3-1102,35.992644,136.501206
福井県勝山市滝波町4-1102,36.070907,136.487031
福井県敦賀市若葉町2-407 Fビル2F,35.631645,136.053633